fixed_acidity,fixed_acidity__is_outlier,volatile_acidity,volatile_acidity__is_outlier,citric_acid,citric_acid__is_outlier,residual_sugar,residual_sugar__is_outlier,chlorides,chlorides__is_outlier,free_sulfur_dioxide,free_sulfur_dioxide__is_outlier,total_sulfur_dioxide,total_sulfur_dioxide__is_outlier,density,density__is_outlier,ph,ph__is_outlier,sulphates,sulphates__is_outlier,alcohol,alcohol__is_outlier,quality,quality__is_outlier
8.6,0,0.22,0,0.36,0,1.9,0,0.064,0,53.0,1,77.0,0,0.99604,0,3.47,0,0.87,0,11.0,0,7,0
12.5,1,0.46,0,0.63,0,2.0,0,0.071,0,6.0,0,15.0,0,0.9988,0,2.99,0,0.87,0,10.2,0,5,0
7.2,0,0.54,0,0.27,0,2.6,0,0.084,0,12.0,0,78.0,0,0.9964,0,3.39,0,0.71,0,11.0,0,5,0
6.4,0,0.67,0,0.08,0,2.1,0,0.045,0,19.0,0,48.0,0,0.9949,0,3.49,0,0.49,0,11.4,0,6,0
7.5,0,0.58,0,0.14,0,2.2,0,0.077,0,27.0,0,60.0,0,0.9963,0,3.28,0,0.59,0,9.8,0,5,0
7.8,0,0.58,0,0.13,0,2.1,0,0.102,0,17.0,0,36.0,0,0.9944,0,3.24,0,0.53,0,11.2,0,6,0
6.6,0,0.815,0,0.02,0,2.7,0,0.072,0,17.0,0,34.0,0,0.9955,0,3.58,0,0.89,0,12.3,0,7,0
6.3,0,0.57,0,0.28,0,2.1,0,0.048,0,13.0,0,49.0,0,0.99374,0,3.41,0,0.6,0,12.8,0,5,0
7.2,0,0.695,0,0.13,0,2.0,0,0.076,0,12.0,0,20.0,0,0.99546,0,3.29,0,0.54,0,10.1,0,5,0
9.5,0,0.59,0,0.44,0,2.3,0,0.071,0,21.0,0,68.0,0,0.9992,0,3.46,0,0.63,0,9.5,0,5,0
9.9,0,0.25,0,0.46,0,1.7,0,0.062,0,26.0,0,42.0,0,0.9959,0,3.18,0,0.83,0,10.6,0,6,0
7.1,0,0.43,0,0.17,0,1.8,0,0.082,0,27.0,0,51.0,0,0.99634,0,3.49,0,0.64,0,10.4,0,5,0
7.2,0,0.56,0,0.26,0,2.0,0,0.083,0,13.0,0,100.0,0,0.99586,0,3.26,0,0.52,0,9.9,0,5,0
7.6,0,0.49,0,0.33,0,1.9,0,0.074,0,27.0,0,85.0,0,0.99706,0,3.41,0,0.58,0,9.0,0,5,0
6.7,0,0.16,0,0.64,0,2.1,0,0.059,0,24.0,0,52.0,0,0.99494,0,3.34,0,0.71,0,11.2,0,6,0
10.6,0,1.025,1,0.43,0,2.8,0,0.08,0,21.0,0,84.0,0,0.9985,0,3.06,0,0.57,0,10.1,0,5,0
15.0,1,0.21,0,0.44,0,2.2,0,0.075,0,10.0,0,24.0,0,1.00005,0,3.07,0,0.84,0,9.2,0,7,0
7.3,0,0.74,0,0.08,0,1.7,0,0.094,0,10.0,0,45.0,0,0.99576,0,3.24,0,0.5,0,9.8,0,5,0
7.7,0,0.835,0,0.0,0,2.6,0,0.081,0,6.0,0,14.0,0,0.9975,0,3.3,0,0.52,0,9.3,0,5,0
9.0,0,0.47,0,0.31,0,2.7,0,0.084,0,24.0,0,125.0,0,0.9984,0,3.31,0,0.61,0,9.4,0,5,0
7.2,0,0.62,0,0.06,0,2.7,0,0.077,0,15.0,0,85.0,0,0.99746,0,3.51,0,0.54,0,9.5,0,5,0
7.6,0,0.36,0,0.31,0,1.7,0,0.079,0,26.0,0,65.0,0,0.99716,0,3.46,0,0.62,0,9.5,0,6,0
9.0,0,0.46,0,0.31,0,2.8,0,0.093,0,19.0,0,98.0,0,0.99815,0,3.32,0,0.63,0,9.5,0,6,0
12.3,0,0.39,0,0.63,0,2.3,0,0.091,0,6.0,0,18.0,0,1.0004,0,3.16,0,0.49,0,9.5,0,5,0
6.4,0,0.79,0,0.04,0,2.2,0,0.061,0,11.0,0,17.0,0,0.99588,0,3.53,0,0.65,0,10.4,0,6,0
7.6,0,0.54,0,0.13,0,2.5,0,0.097,0,24.0,0,66.0,0,0.99785,0,3.39,0,0.61,0,9.4,0,5,0
10.3,0,0.43,0,0.44,0,2.4,0,0.214,1,5.0,0,12.0,0,0.9994,0,3.19,0,0.63,0,9.5,0,6,0
7.5,0,0.51,0,0.02,0,1.7,0,0.084,0,13.0,0,31.0,0,0.99538,0,3.36,0,0.54,0,10.5,0,6,0
10.5,0,0.24,0,0.47,0,2.1,0,0.066,0,6.0,0,24.0,0,0.9978,0,3.15,0,0.9,0,11.0,0,7,0
7.7,0,0.26,0,0.26,0,2.0,0,0.052,0,19.0,0,77.0,0,0.9951,0,3.15,0,0.79,0,10.9,0,6,0
11.5,0,0.59,0,0.59,0,2.6,0,0.087,0,13.0,0,49.0,0,0.9988,0,3.18,0,0.65,0,11.0,0,6,0
10.5,0,0.24,0,0.47,0,2.1,0,0.066,0,6.0,0,24.0,0,0.9978,0,3.15,0,0.9,0,11.0,0,7,0
6.9,0,0.765,0,0.02,0,2.3,0,0.063,0,35.0,0,63.0,0,0.9975,0,3.57,0,0.78,0,9.9,0,5,0
7.6,0,1.58,1,0.0,0,2.1,0,0.137,1,5.0,0,9.0,0,0.99476,0,3.5,0,0.4,0,10.9,0,3,1
8.9,0,0.61,0,0.49,0,2.0,0,0.27,1,23.0,0,110.0,0,0.9972,0,3.12,0,1.02,1,9.3,0,5,0
9.1,0,0.4,0,0.5,0,1.8,0,0.071,0,7.0,0,16.0,0,0.99462,0,3.21,0,0.69,0,12.5,0,8,1
6.0,0,0.33,0,0.32,0,12.9,1,0.054,0,6.0,0,113.0,0,0.99572,0,3.3,0,0.56,0,11.5,0,4,0
6.9,0,0.635,0,0.17,0,2.4,0,0.241,1,6.0,0,18.0,0,0.9961,0,3.4,0,0.59,0,10.3,0,6,0
7.3,0,0.48,0,0.32,0,2.1,0,0.062,0,31.0,0,54.0,0,0.99728,0,3.3,0,0.65,0,10.0,0,7,0
10.6,0,0.83,0,0.37,0,2.6,0,0.086,0,26.0,0,70.0,0,0.9981,0,3.16,0,0.52,0,9.9,0,5,0
6.6,0,0.39,0,0.49,0,1.7,0,0.07,0,23.0,0,149.0,1,0.9922,1,3.12,0,0.5,0,11.5,0,6,0
8.3,0,0.615,0,0.22,0,2.6,0,0.087,0,6.0,0,19.0,0,0.9982,0,3.26,0,0.61,0,9.3,0,5,0
9.5,0,0.39,0,0.41,0,8.9,1,0.069,0,18.0,0,39.0,0,0.99859,0,3.29,0,0.81,0,10.9,0,7,0
6.9,0,0.39,0,0.24,0,2.1,0,0.102,0,4.0,0,7.0,0,0.99462,0,3.44,0,0.58,0,11.4,0,4,0
9.4,0,0.27,0,0.53,0,2.4,0,0.074,0,6.0,0,18.0,0,0.9962,0,3.2,0,1.13,1,12.0,0,7,0
8.3,0,0.31,0,0.39,0,2.4,0,0.078,0,17.0,0,43.0,0,0.99444,0,3.31,0,0.77,0,12.5,0,7,0
8.2,0,1.33,1,0.0,0,1.7,0,0.081,0,3.0,0,12.0,0,0.9964,0,3.53,0,0.49,0,10.9,0,5,0
9.1,0,0.66,0,0.15,0,3.2,0,0.097,0,9.0,0,59.0,0,0.99976,0,3.28,0,0.54,0,9.6,0,5,0
12.4,1,0.35,0,0.49,0,2.6,0,0.079,0,27.0,0,69.0,0,0.9994,0,3.12,0,0.75,0,10.4,0,6,0
6.7,0,0.75,0,0.01,0,2.4,0,0.078,0,17.0,0,32.0,0,0.9955,0,3.55,0,0.61,0,12.8,0,6,0
6.6,0,0.63,0,0.0,0,4.3,1,0.093,0,51.0,1,77.5,0,0.99558,0,3.2,0,0.45,0,9.5,0,5,0
11.0,0,0.3,0,0.58,0,2.1,0,0.054,0,7.0,0,19.0,0,0.998,0,3.31,0,0.88,0,10.5,0,7,0
8.4,0,0.745,0,0.11,0,1.9,0,0.09,0,16.0,0,63.0,0,0.9965,0,3.19,0,0.82,0,9.6,0,5,0
7.8,0,0.5,0,0.12,0,1.8,0,0.178,1,6.0,0,21.0,0,0.996,0,3.28,0,0.87,0,9.8,0,6,0
7.7,0,0.61,0,0.18,0,2.4,0,0.083,0,6.0,0,20.0,0,0.9963,0,3.29,0,0.6,0,10.2,0,6,0
9.5,0,0.55,0,0.66,0,2.3,0,0.387,1,12.0,0,37.0,0,0.9982,0,3.17,0,0.67,0,9.6,0,5,0
8.2,0,0.78,0,0.0,0,2.2,0,0.089,0,13.0,0,26.0,0,0.9978,0,3.37,0,0.46,0,9.6,0,4,0
9.5,0,0.57,0,0.27,0,2.3,0,0.082,0,23.0,0,144.0,1,0.99782,0,3.27,0,0.55,0,9.4,0,5,0
13.2,1,0.38,0,0.55,0,2.7,0,0.081,0,5.0,0,16.0,0,1.0006,0,2.98,0,0.54,0,9.4,0,5,0
10.0,0,0.35,0,0.47,0,2.0,0,0.061,0,6.0,0,11.0,0,0.99585,0,3.23,0,0.52,0,12.0,0,6,0
9.0,0,0.44,0,0.49,0,2.4,0,0.078,0,26.0,0,121.0,0,0.9978,0,3.23,0,0.58,0,9.2,0,5,0
6.7,0,0.58,0,0.08,0,1.8,0,0.097,0,15.0,0,65.0,0,0.9959,0,3.28,0,0.54,0,9.2,0,5,0
12.9,1,0.5,0,0.55,0,2.8,0,0.072,0,7.0,0,24.0,0,1.00012,0,3.09,0,0.68,0,10.9,0,6,0
7.6,0,0.52,0,0.12,0,3.0,0,0.067,0,12.0,0,53.0,0,0.9971,0,3.36,0,0.57,0,9.1,0,5,0
11.0,0,0.2,0,0.48,0,2.0,0,0.343,1,6.0,0,18.0,0,0.9979,0,3.3,0,0.71,0,10.5,0,5,0
11.3,0,0.37,0,0.41,0,2.3,0,0.088,0,6.0,0,16.0,0,0.9988,0,3.09,0,0.8,0,9.3,0,5,0
7.0,0,0.6,0,0.12,0,2.2,0,0.083,0,13.0,0,28.0,0,0.9966,0,3.52,0,0.62,0,10.2,0,7,0
6.1,0,0.38,0,0.15,0,1.8,0,0.072,0,6.0,0,19.0,0,0.9955,0,3.42,0,0.57,0,9.4,0,5,0
10.3,0,0.59,0,0.42,0,2.8,0,0.09,0,35.0,0,73.0,0,0.999,0,3.28,0,0.7,0,9.5,0,6,0
9.2,0,0.67,0,0.1,0,3.0,0,0.091,0,12.0,0,48.0,0,0.99888,0,3.31,0,0.54,0,9.5,0,6,0
9.5,0,0.46,0,0.24,0,2.7,0,0.092,0,14.0,0,44.0,0,0.998,0,3.12,0,0.74,0,10.0,0,6,0
10.4,0,0.28,0,0.54,0,2.7,0,0.105,0,5.0,0,19.0,0,0.9988,0,3.25,0,0.63,0,9.5,0,5,0
8.7,0,0.7,0,0.24,0,2.5,0,0.226,1,5.0,0,15.0,0,0.9991,0,3.32,0,0.6,0,9.0,0,6,0
8.1,0,0.87,0,0.0,0,2.2,0,0.084,0,10.0,0,31.0,0,0.99656,0,3.25,0,0.5,0,9.8,0,5,0
5.6,0,0.915,0,0.0,0,2.1,0,0.041,1,17.0,0,78.0,0,0.99346,0,3.68,1,0.73,0,11.4,0,5,0
6.1,0,0.32,0,0.25,0,2.3,0,0.071,0,23.0,0,58.0,0,0.99633,0,3.42,0,0.97,0,10.6,0,5,0
7.1,0,0.68,0,0.0,0,2.2,0,0.073,0,12.0,0,22.0,0,0.9969,0,3.48,0,0.5,0,9.3,0,5,0
7.2,0,0.52,0,0.07,0,1.4,0,0.074,0,5.0,0,20.0,0,0.9973,0,3.32,0,0.81,0,9.6,0,6,0
12.5,1,0.6,0,0.49,0,4.3,1,0.1,0,5.0,0,14.0,0,1.001,0,3.25,0,0.74,0,11.9,0,6,0
7.7,0,0.28,0,0.3,0,2.0,0,0.062,0,18.0,0,34.0,0,0.9952,0,3.28,0,0.9,0,11.3,0,7,0
7.8,0,0.59,0,0.33,0,2.0,0,0.074,0,24.0,0,120.0,0,0.9968,0,3.25,0,0.54,0,9.4,0,5,0
9.1,0,0.76,0,0.68,0,1.7,0,0.414,1,18.0,0,64.0,0,0.99652,0,2.9,1,1.33,1,9.1,0,6,0
10.8,0,0.4,0,0.41,0,2.2,0,0.084,0,7.0,0,17.0,0,0.9984,0,3.08,0,0.67,0,9.3,0,6,0
9.0,0,0.43,0,0.34,0,2.5,0,0.08,0,26.0,0,86.0,0,0.9987,0,3.38,0,0.62,0,9.5,0,6,0
6.8,0,0.775,0,0.0,0,3.0,0,0.102,0,8.0,0,23.0,0,0.9965,0,3.45,0,0.56,0,10.7,0,5,0
12.2,0,0.45,0,0.49,0,1.4,0,0.075,0,3.0,0,6.0,0,0.9969,0,3.13,0,0.63,0,10.4,0,5,0
8.5,0,0.34,0,0.44,0,1.7,0,0.079,0,6.0,0,12.0,0,0.99605,0,3.52,0,0.63,0,10.7,0,5,0
7.1,0,0.43,0,0.42,0,5.5,1,0.07,0,29.0,0,129.0,1,0.9973,0,3.42,0,0.72,0,10.5,0,5,0
6.8,0,0.77,0,0.0,0,1.8,0,0.066,0,34.0,0,52.0,0,0.9976,0,3.62,0,0.68,0,9.9,0,5,0
5.9,0,0.395,0,0.13,0,2.4,0,0.056,0,14.0,0,28.0,0,0.99362,0,3.62,0,0.67,0,12.4,0,6,0
10.4,0,0.24,0,0.49,0,1.8,0,0.075,0,6.0,0,20.0,0,0.9977,0,3.18,0,1.06,1,11.0,0,6,0
7.4,0,0.55,0,0.19,0,1.8,0,0.082,0,15.0,0,34.0,0,0.99655,0,3.49,0,0.68,0,10.5,0,5,0
7.9,0,0.33,0,0.41,0,1.5,0,0.056,0,6.0,0,35.0,0,0.99396,0,3.29,0,0.71,0,11.0,0,6,0
6.9,0,0.49,0,0.19,0,1.7,0,0.079,0,13.0,0,26.0,0,0.99547,0,3.38,0,0.64,0,9.8,0,6,0
9.3,0,0.48,0,0.29,0,2.1,0,0.127,1,6.0,0,16.0,0,0.9968,0,3.22,0,0.72,0,11.2,0,5,0
7.7,0,0.6,0,0.0,0,2.6,0,0.055,0,7.0,0,13.0,0,0.99639,0,3.38,0,0.56,0,10.8,0,5,0
7.0,0,0.805,0,0.0,0,2.5,0,0.068,0,7.0,0,20.0,0,0.9969,0,3.48,0,0.56,0,9.6,0,5,0
5.6,0,0.85,0,0.05,0,1.4,0,0.045,0,12.0,0,88.0,0,0.9924,1,3.56,0,0.82,0,12.9,0,8,1
8.8,0,0.47,0,0.49,0,2.9,0,0.085,0,17.0,0,110.0,0,0.9982,0,3.29,0,0.6,0,9.8,0,5,0
8.7,0,0.78,0,0.51,0,1.7,0,0.415,1,12.0,0,66.0,0,0.99623,0,3.0,0,1.17,1,9.2,0,5,0
8.4,0,0.56,0,0.04,0,2.0,0,0.082,0,10.0,0,22.0,0,0.9976,0,3.22,0,0.44,0,9.6,0,5,0
9.7,0,0.66,0,0.34,0,2.6,0,0.094,0,12.0,0,88.0,0,0.99796,0,3.26,0,0.66,0,10.1,0,5,0
13.3,1,0.43,0,0.58,0,1.9,0,0.07,0,15.0,0,40.0,0,1.0004,0,3.06,0,0.49,0,9.0,0,5,0
7.3,0,0.34,0,0.33,0,2.5,0,0.064,0,21.0,0,37.0,0,0.9952,0,3.35,0,0.77,0,12.1,0,7,0
8.9,0,0.48,0,0.24,0,2.85,0,0.094,0,35.0,0,106.0,0,0.9982,0,3.1,0,0.53,0,9.2,0,5,0
9.8,0,0.34,0,0.39,0,1.4,0,0.066,0,3.0,0,7.0,0,0.9947,0,3.19,0,0.55,0,11.4,0,7,0
10.2,0,0.33,0,0.46,0,1.9,0,0.081,0,6.0,0,9.0,0,0.99628,0,3.1,0,0.48,0,10.4,0,6,0
10.7,0,0.9,0,0.34,0,6.6,1,0.112,0,23.0,0,99.0,0,1.00289,1,3.22,0,0.68,0,9.3,0,5,0
7.0,0,0.57,0,0.02,0,2.0,0,0.072,0,17.0,0,26.0,0,0.99575,0,3.36,0,0.61,0,10.2,0,5,0
7.7,0,0.965,0,0.1,0,2.1,0,0.112,0,11.0,0,22.0,0,0.9963,0,3.26,0,0.5,0,9.5,0,5,0
13.3,1,0.34,0,0.52,0,3.2,0,0.094,0,17.0,0,53.0,0,1.0014,1,3.05,0,0.81,0,9.5,0,6,0
8.0,0,0.77,0,0.32,0,2.1,0,0.079,0,16.0,0,74.0,0,0.99656,0,3.27,0,0.5,0,9.8,0,6,0
6.4,0,0.885,0,0.0,0,2.3,0,0.166,1,6.0,0,12.0,0,0.99551,0,3.56,0,0.51,0,10.8,0,5,0
9.3,0,0.39,0,0.44,0,2.1,0,0.107,0,34.0,0,125.0,0,0.9978,0,3.14,0,1.22,1,9.5,0,5,0
8.8,0,0.61,0,0.3,0,2.8,0,0.088,0,17.0,0,46.0,0,0.9976,0,3.26,0,0.51,0,9.3,0,4,0
5.6,0,0.5,0,0.09,0,2.3,0,0.049,0,17.0,0,99.0,0,0.9937,0,3.63,0,0.63,0,13.0,0,5,0
10.2,0,0.4,0,0.4,0,2.5,0,0.068,0,41.0,0,54.0,0,0.99754,0,3.38,0,0.86,0,10.5,0,6,0
11.2,0,0.4,0,0.5,0,2.0,0,0.099,0,19.0,0,50.0,0,0.99783,0,3.1,0,0.58,0,10.4,0,5,0
9.2,0,0.53,0,0.24,0,2.6,0,0.078,0,28.0,0,139.0,1,0.99788,0,3.21,0,0.57,0,9.5,0,5,0
6.6,0,0.44,0,0.09,0,2.2,0,0.063,0,9.0,0,18.0,0,0.99444,0,3.42,0,0.69,0,11.3,0,6,0
9.0,0,0.82,0,0.05,0,2.4,0,0.081,0,26.0,0,96.0,0,0.99814,0,3.36,0,0.53,0,10.0,0,5,0
7.3,0,0.59,0,0.26,0,7.2,1,0.07,0,35.0,0,121.0,0,0.9981,0,3.37,0,0.49,0,9.4,0,5,0
8.7,0,0.52,0,0.09,0,2.5,0,0.091,0,20.0,0,49.0,0,0.9976,0,3.34,0,0.86,0,10.6,0,7,0
6.4,0,0.36,0,0.21,0,2.2,0,0.047,0,26.0,0,48.0,0,0.99661,0,3.47,0,0.77,0,9.7,0,6,0
10.0,0,0.73,0,0.43,0,2.3,0,0.059,0,15.0,0,31.0,0,0.9966,0,3.15,0,0.57,0,11.0,0,5,0
9.6,0,0.56,0,0.31,0,2.8,0,0.089,0,15.0,0,46.0,0,0.9979,0,3.11,0,0.92,0,10.0,0,6,0
6.2,0,0.36,0,0.24,0,2.2,0,0.095,0,19.0,0,42.0,0,0.9946,0,3.57,0,0.57,0,11.7,0,6,0
9.5,0,0.885,0,0.27,0,2.3,0,0.084,0,31.0,0,145.0,1,0.9978,0,3.24,0,0.53,0,9.4,0,5,0
6.2,0,0.44,0,0.39,0,2.5,0,0.077,0,6.0,0,14.0,0,0.99555,0,3.51,0,0.69,0,11.0,0,6,0
6.2,0,0.64,0,0.09,0,2.5,0,0.081,0,15.0,0,26.0,0,0.99538,0,3.57,0,0.63,0,12.0,0,5,0
6.2,0,0.46,0,0.17,0,1.6,0,0.073,0,7.0,0,11.0,0,0.99425,0,3.61,0,0.54,0,11.4,0,5,0
5.6,0,0.605,0,0.05,0,2.4,0,0.073,0,19.0,0,25.0,0,0.99258,0,3.56,0,0.55,0,12.9,0,5,0
9.8,0,1.24,1,0.34,0,2.0,0,0.079,0,32.0,0,151.0,1,0.998,0,3.15,0,0.53,0,9.5,0,5,0
10.4,0,0.33,0,0.63,0,2.8,0,0.084,0,5.0,0,22.0,0,0.9998,0,3.26,0,0.74,0,11.2,0,7,0
11.5,0,0.54,0,0.71,0,4.4,1,0.124,1,6.0,0,15.0,0,0.9984,0,3.01,0,0.83,0,11.8,0,7,0
8.4,0,0.56,0,0.08,0,2.1,0,0.105,0,16.0,0,44.0,0,0.9958,0,3.13,0,0.52,0,11.0,0,5,0
7.6,0,0.735,0,0.02,0,2.5,0,0.071,0,10.0,0,14.0,0,0.99538,0,3.51,0,0.71,0,11.7,0,7,0
6.0,0,0.51,0,0.0,0,2.1,0,0.064,0,40.0,0,54.0,0,0.995,0,3.54,0,0.93,0,10.7,0,6,0
9.0,0,0.785,0,0.24,0,1.7,0,0.078,0,10.0,0,21.0,0,0.99692,0,3.29,0,0.67,0,10.0,0,5,0
6.7,0,0.86,0,0.07,0,2.0,0,0.1,0,20.0,0,57.0,0,0.99598,0,3.6,0,0.74,0,11.7,0,6,0
10.0,0,0.35,0,0.45,0,2.5,0,0.092,0,20.0,0,88.0,0,0.99918,0,3.15,0,0.43,0,9.4,0,5,0
5.6,0,0.62,0,0.03,0,1.5,0,0.08,0,6.0,0,13.0,0,0.99498,0,3.66,0,0.62,0,10.1,0,4,0
9.6,0,0.88,0,0.28,0,2.4,0,0.086,0,30.0,0,147.0,1,0.9979,0,3.24,0,0.53,0,9.4,0,5,0
13.4,1,0.27,0,0.62,0,2.6,0,0.082,0,6.0,0,21.0,0,1.0002,0,3.16,0,0.67,0,9.7,0,6,0
9.0,0,0.48,0,0.32,0,2.8,0,0.084,0,21.0,0,122.0,0,0.9984,0,3.32,0,0.62,0,9.4,0,5,0
9.8,0,0.66,0,0.39,0,3.2,0,0.083,0,21.0,0,59.0,0,0.9989,0,3.37,0,0.71,0,11.5,0,7,0
7.5,0,0.58,0,0.03,0,4.1,1,0.08,0,27.0,0,46.0,0,0.99592,0,3.02,0,0.47,0,9.2,0,5,0
7.6,0,0.36,0,0.31,0,1.7,0,0.079,0,26.0,0,65.0,0,0.99716,0,3.46,0,0.62,0,9.5,0,6,0
7.3,0,0.55,0,0.03,0,1.6,0,0.072,0,17.0,0,42.0,0,0.9956,0,3.37,0,0.48,0,9.0,0,4,0
5.6,0,0.615,0,0.0,0,1.6,0,0.089,0,16.0,0,59.0,0,0.9943,0,3.58,0,0.52,0,9.9,0,5,0
8.0,0,0.42,0,0.17,0,2.0,0,0.073,0,6.0,0,18.0,0,0.9972,0,3.29,0,0.61,0,9.2,0,6,0
7.9,0,0.33,0,0.23,0,1.7,0,0.077,0,18.0,0,45.0,0,0.99625,0,3.29,0,0.65,0,9.3,0,5,0
10.0,0,0.69,0,0.11,0,1.4,0,0.084,0,8.0,0,24.0,0,0.99578,0,2.88,1,0.47,0,9.7,0,5,0
7.8,0,0.53,0,0.01,0,1.6,0,0.077,0,3.0,0,19.0,0,0.995,0,3.16,0,0.46,0,9.8,0,5,0
7.4,0,0.635,0,0.1,0,2.4,0,0.08,0,16.0,0,33.0,0,0.99736,0,3.58,0,0.69,0,10.8,0,7,0
7.8,0,0.56,0,0.19,0,2.1,0,0.081,0,15.0,0,105.0,0,0.9962,0,3.33,0,0.54,0,9.5,0,5,0
9.0,0,0.53,0,0.49,0,1.9,0,0.171,1,6.0,0,25.0,0,0.9975,0,3.27,0,0.61,0,9.4,0,6,0
7.5,0,0.41,0,0.15,0,3.7,1,0.104,0,29.0,0,94.0,0,0.99786,0,3.14,0,0.58,0,9.1,0,5,0
6.6,0,0.57,0,0.02,0,2.1,0,0.115,0,6.0,0,16.0,0,0.99654,0,3.38,0,0.69,0,9.5,0,5,0
8.7,0,0.63,0,0.28,0,2.7,0,0.096,0,17.0,0,69.0,0,0.99734,0,3.26,0,0.63,0,10.2,0,6,0
10.9,0,0.53,0,0.49,0,4.6,1,0.118,0,10.0,0,17.0,0,1.0002,0,3.07,0,0.56,0,11.7,0,6,0
7.8,0,0.56,0,0.19,0,2.0,0,0.081,0,17.0,0,108.0,0,0.9962,0,3.32,0,0.54,0,9.5,0,5,0
7.1,0,0.62,0,0.06,0,1.3,0,0.07,0,5.0,0,12.0,0,0.9942,0,3.17,0,0.48,0,9.8,0,5,0
7.1,0,0.34,0,0.28,0,2.0,0,0.082,0,31.0,0,68.0,0,0.99694,0,3.45,0,0.48,0,9.4,0,5,0
8.4,0,0.635,0,0.36,0,2.0,0,0.089,0,15.0,0,55.0,0,0.99745,0,3.31,0,0.57,0,10.4,0,4,0
11.6,0,0.475,0,0.4,0,1.4,0,0.091,0,6.0,0,28.0,0,0.99704,0,3.07,0,0.65,0,10.0333333333333,0,6,0
12.5,1,0.46,0,0.49,0,4.5,1,0.07,0,26.0,0,49.0,0,0.9981,0,3.05,0,0.57,0,9.6,0,4,0
10.0,0,0.49,0,0.2,0,11.0,1,0.071,0,13.0,0,50.0,0,1.0015,1,3.16,0,0.69,0,9.2,0,6,0
8.5,0,0.18,0,0.51,0,1.75,0,0.071,0,45.0,1,88.0,0,0.99524,0,3.33,0,0.76,0,11.8,0,7,0
6.9,0,0.67,0,0.06,0,2.1,0,0.08,0,8.0,0,33.0,0,0.99845,0,3.68,1,0.71,0,9.6,0,5,0
9.1,0,0.29,0,0.33,0,2.05,0,0.063,0,13.0,0,27.0,0,0.99516,0,3.26,0,0.84,0,11.7,0,7,0
6.3,0,0.68,0,0.01,0,3.7,1,0.103,0,32.0,0,54.0,0,0.99586,0,3.51,0,0.66,0,11.3,0,6,0
7.8,0,0.91,0,0.07,0,1.9,0,0.058,0,22.0,0,47.0,0,0.99525,0,3.51,0,0.43,0,10.7,0,6,0
8.2,0,0.28,0,0.6,0,3.0,0,0.104,0,10.0,0,22.0,0,0.99828,0,3.39,0,0.68,0,10.6,0,5,0
7.6,0,0.55,0,0.21,0,2.2,0,0.071,0,7.0,0,28.0,0,0.9964,0,3.28,0,0.55,0,9.7,0,5,0
7.9,0,0.34,0,0.36,0,1.9,0,0.065,0,5.0,0,10.0,0,0.99419,0,3.27,0,0.54,0,11.2,0,7,0
10.5,0,0.59,0,0.49,0,2.1,0,0.07,0,14.0,0,47.0,0,0.9991,0,3.3,0,0.56,0,9.6,0,4,0
10.5,0,0.26,0,0.47,0,1.9,0,0.078,0,6.0,0,24.0,0,0.9976,0,3.18,0,1.04,1,10.9,0,7,0
8.3,0,0.6,0,0.13,0,2.6,0,0.085,0,6.0,0,24.0,0,0.9984,0,3.31,0,0.59,0,9.2,0,6,0
8.8,0,0.45,0,0.43,0,1.4,0,0.076,0,12.0,0,21.0,0,0.99551,0,3.21,0,0.75,0,10.2,0,6,0
7.7,0,0.23,0,0.37,0,1.8,0,0.046,0,23.0,0,60.0,0,0.9971,0,3.41,0,0.71,0,12.1,0,6,0
11.2,0,0.28,0,0.56,0,1.9,0,0.075,0,17.0,0,60.0,0,0.998,0,3.16,0,0.58,0,9.8,0,6,0
7.1,0,0.685,0,0.35,0,2.0,0,0.088,0,9.0,0,92.0,0,0.9963,0,3.28,0,0.62,0,9.4,0,5,0
8.8,0,0.46,0,0.45,0,2.6,0,0.065,0,7.0,0,18.0,0,0.9947,0,3.32,0,0.79,0,14.0,1,6,0
9.3,0,0.61,0,0.26,0,3.4,0,0.09,0,25.0,0,87.0,0,0.99975,0,3.24,0,0.62,0,9.7,0,5,0
7.4,0,0.66,0,0.0,0,1.8,0,0.075,0,13.0,0,40.0,0,0.9978,0,3.51,0,0.56,0,9.4,0,5,0
6.8,0,0.61,0,0.04,0,1.5,0,0.057,0,5.0,0,10.0,0,0.99525,0,3.42,0,0.6,0,9.5,0,5,0
10.6,0,0.31,0,0.49,0,2.5,0,0.067,0,6.0,0,21.0,0,0.9987,0,3.26,0,0.86,0,10.7,0,6,0
6.4,0,0.64,0,0.21,0,1.8,0,0.081,0,14.0,0,31.0,0,0.99689,0,3.59,0,0.66,0,9.8,0,5,0
7.3,0,0.45,0,0.36,0,5.9,1,0.074,0,12.0,0,87.0,0,0.9978,0,3.33,0,0.83,0,10.5,0,5,0
9.3,0,0.715,0,0.24,0,2.1,0,0.07,0,5.0,0,20.0,0,0.9966,0,3.12,0,0.59,0,9.9,0,5,0
7.7,0,0.58,0,0.1,0,1.8,0,0.102,0,28.0,0,109.0,0,0.99565,0,3.08,0,0.49,0,9.8,0,6,0
8.3,0,0.715,0,0.15,0,1.8,0,0.089,0,10.0,0,52.0,0,0.9968,0,3.23,0,0.77,0,9.5,0,5,0
7.2,0,0.33,0,0.33,0,1.7,0,0.061,0,3.0,0,13.0,0,0.996,0,3.23,0,1.1,1,10.0,0,8,1
6.3,0,1.02,1,0.0,0,2.0,0,0.083,0,17.0,0,24.0,0,0.99437,0,3.59,0,0.55,0,11.2,0,4,0
8.6,0,0.8,0,0.11,0,2.3,0,0.084,0,12.0,0,31.0,0,0.9979,0,3.4,0,0.48,0,9.9,0,5,0
9.1,0,0.21,0,0.37,0,1.6,0,0.067,0,6.0,0,10.0,0,0.99552,0,3.23,0,0.58,0,11.1,0,7,0
8.4,0,0.36,0,0.32,0,2.2,0,0.081,0,32.0,0,79.0,0,0.9964,0,3.3,0,0.72,0,11.0,0,6,0
7.4,0,0.36,0,0.34,0,1.8,0,0.075,0,18.0,0,38.0,0,0.9933,0,3.38,0,0.88,0,13.6,1,7,0
6.4,0,0.63,0,0.21,0,1.6,0,0.08,0,12.0,0,32.0,0,0.99689,0,3.58,0,0.66,0,9.8,0,5,0
6.0,0,0.54,0,0.06,0,1.8,0,0.05,0,38.0,0,89.0,0,0.99236,1,3.3,0,0.5,0,10.55,0,6,0
12.3,0,0.5,0,0.49,0,2.2,0,0.089,0,5.0,0,14.0,0,1.0002,0,3.19,0,0.44,0,9.6,0,5,0
7.3,0,0.69,0,0.32,0,2.2,0,0.069,0,35.0,0,104.0,0,0.99632,0,3.33,0,0.51,0,9.5,0,5,0
7.5,0,0.42,0,0.31,0,1.6,0,0.08,0,15.0,0,42.0,0,0.9978,0,3.31,0,0.64,0,9.0,0,5,0
7.1,0,0.75,0,0.01,0,2.2,0,0.059,0,11.0,0,18.0,0,0.99242,1,3.39,0,0.4,0,12.8,0,6,0
8.2,0,0.28,0,0.6,0,3.0,0,0.104,0,10.0,0,22.0,0,0.99828,0,3.39,0,0.68,0,10.6,0,5,0
11.5,0,0.45,0,0.5,0,3.0,0,0.078,0,19.0,0,47.0,0,1.0003,0,3.26,0,1.11,1,11.0,0,6,0
7.4,0,0.36,0,0.29,0,2.6,0,0.087,0,26.0,0,72.0,0,0.99645,0,3.39,0,0.68,0,11.0,0,5,0
15.6,1,0.685,0,0.76,0,3.7,1,0.1,0,6.0,0,43.0,0,1.0032,1,2.95,1,0.68,0,11.2,0,7,0
9.6,0,0.77,0,0.12,0,2.9,0,0.082,0,30.0,0,74.0,0,0.99865,0,3.3,0,0.64,0,10.4,0,6,0
6.2,0,0.65,0,0.06,0,1.6,0,0.05,0,6.0,0,18.0,0,0.99348,0,3.57,0,0.54,0,11.95,0,5,0
8.3,0,0.33,0,0.42,0,2.3,0,0.07,0,9.0,0,20.0,0,0.99426,0,3.38,0,0.77,0,12.7,0,7,0
7.0,0,0.55,0,0.13,0,2.2,0,0.075,0,15.0,0,35.0,0,0.9959,0,3.36,0,0.59,0,9.7,0,6,0
8.6,0,0.42,0,0.39,0,1.8,0,0.068,0,6.0,0,12.0,0,0.99516,0,3.35,0,0.69,0,11.7,0,8,1
7.7,0,0.96,0,0.2,0,2.0,0,0.047,0,15.0,0,60.0,0,0.9955,0,3.36,0,0.44,0,10.9,0,5,0
5.0,0,1.04,1,0.24,0,1.6,0,0.05,0,32.0,0,96.0,0,0.9934,0,3.74,1,0.62,0,11.5,0,5,0
7.9,0,0.72,0,0.17,0,2.6,0,0.096,0,20.0,0,38.0,0,0.9978,0,3.4,0,0.53,0,9.5,0,5,0
9.9,0,0.5,0,0.5,0,13.8,1,0.205,1,48.0,1,82.0,0,1.00242,1,3.16,0,0.75,0,8.8,0,5,0
8.3,0,0.3,0,0.49,0,3.8,1,0.09,0,11.0,0,24.0,0,0.99498,0,3.27,0,0.64,0,12.1,0,7,0
10.1,0,0.45,0,0.23,0,1.9,0,0.082,0,10.0,0,18.0,0,0.99774,0,3.22,0,0.65,0,9.3,0,6,0
7.4,0,0.36,0,0.3,0,1.8,0,0.074,0,17.0,0,24.0,0,0.99419,0,3.24,0,0.7,0,11.4,0,8,1
6.0,0,0.5,0,0.04,0,2.2,0,0.092,0,13.0,0,26.0,0,0.99647,0,3.46,0,0.47,0,10.0,0,5,0
9.0,0,0.82,0,0.14,0,2.6,0,0.089,0,9.0,0,23.0,0,0.9984,0,3.39,0,0.63,0,9.8,0,5,0
10.4,0,0.52,0,0.45,0,2.0,0,0.08,0,6.0,0,13.0,0,0.99774,0,3.22,0,0.76,0,11.4,0,6,0
8.4,0,0.36,0,0.32,0,2.2,0,0.081,0,32.0,0,79.0,0,0.9964,0,3.3,0,0.72,0,11.0,0,6,0
5.9,0,0.44,0,0.0,0,1.6,0,0.042,1,3.0,0,11.0,0,0.9944,0,3.48,0,0.85,0,11.7,0,6,0
7.9,0,0.4,0,0.3,0,1.8,0,0.157,1,2.0,0,45.0,0,0.99727,0,3.31,0,0.91,0,9.5,0,6,0
7.5,0,0.52,0,0.11,0,1.5,0,0.079,0,11.0,0,39.0,0,0.9968,0,3.42,0,0.58,0,9.6,0,5,0
8.4,0,0.665,0,0.61,0,2.0,0,0.112,0,13.0,0,95.0,0,0.997,0,3.16,0,0.54,0,9.1,0,5,0
10.6,0,0.31,0,0.49,0,2.2,0,0.063,0,18.0,0,40.0,0,0.9976,0,3.14,0,0.51,0,9.8,0,6,0
6.9,0,0.4,0,0.14,0,2.4,0,0.085,0,21.0,0,40.0,0,0.9968,0,3.43,0,0.63,0,9.7,0,6,0
8.0,0,0.725,0,0.24,0,2.8,0,0.083,0,10.0,0,62.0,0,0.99685,0,3.35,0,0.56,0,10.0,0,6,0
7.6,0,0.43,0,0.29,0,2.1,0,0.075,0,19.0,0,66.0,0,0.99718,0,3.4,0,0.64,0,9.5,0,5,0
7.2,0,0.25,0,0.37,0,2.5,0,0.063,0,11.0,0,41.0,0,0.99439,0,3.52,0,0.8,0,12.4,0,7,0
9.9,0,0.63,0,0.24,0,2.4,0,0.077,0,6.0,0,33.0,0,0.9974,0,3.09,0,0.57,0,9.4,0,5,0
6.7,0,0.28,0,0.28,0,2.4,0,0.012,1,36.0,0,100.0,0,0.99064,1,3.26,0,0.39,0,11.7,0,7,0
11.6,0,0.41,0,0.58,0,2.8,0,0.096,0,25.0,0,101.0,0,1.00024,0,3.13,0,0.53,0,10.0,0,5,0
6.9,0,0.55,0,0.15,0,2.2,0,0.076,0,19.0,0,40.0,0,0.9961,0,3.41,0,0.59,0,10.1,0,5,0
7.3,0,0.67,0,0.02,0,2.2,0,0.072,0,31.0,0,92.0,0,0.99566,0,3.32,0,0.68,0,11.0666666666667,0,6,0
10.9,0,0.37,0,0.58,0,4.0,1,0.071,0,17.0,0,65.0,0,0.99935,0,3.22,0,0.78,0,10.1,0,5,0
7.5,0,0.57,0,0.08,0,2.6,0,0.089,0,14.0,0,27.0,0,0.99592,0,3.3,0,0.59,0,10.4,0,6,0
9.0,0,0.8,0,0.12,0,2.4,0,0.083,0,8.0,0,28.0,0,0.99836,0,3.33,0,0.65,0,10.4,0,6,0
6.9,0,0.63,0,0.02,0,1.9,0,0.078,0,18.0,0,30.0,0,0.99712,0,3.4,0,0.75,0,9.8,0,5,0
7.4,0,0.785,0,0.19,0,5.2,1,0.094,0,19.0,0,98.0,0,0.99713,0,3.16,0,0.52,0,9.56666666666667,0,6,0
8.7,0,0.54,0,0.26,0,2.5,0,0.097,0,7.0,0,31.0,0,0.9976,0,3.27,0,0.6,0,9.3,0,6,0
9.2,0,0.31,0,0.36,0,2.2,0,0.079,0,11.0,0,31.0,0,0.99615,0,3.33,0,0.86,0,12.0,0,7,0
7.1,0,0.22,0,0.49,0,1.8,0,0.039,1,8.0,0,18.0,0,0.99344,0,3.39,0,0.56,0,12.4,0,6,0
10.2,0,0.49,0,0.63,0,2.9,0,0.072,0,10.0,0,26.0,0,0.9968,0,3.16,0,0.78,0,12.5,0,7,0
8.4,0,0.715,0,0.2,0,2.4,0,0.076,0,10.0,0,38.0,0,0.99735,0,3.31,0,0.64,0,9.4,0,5,0
10.8,0,0.45,0,0.33,0,2.5,0,0.099,0,20.0,0,38.0,0,0.99818,0,3.24,0,0.71,0,10.8,0,5,0
11.9,0,0.58,0,0.66,0,2.5,0,0.072,0,6.0,0,37.0,0,0.9992,0,3.05,0,0.56,0,10.0,0,5,0
10.0,0,0.58,0,0.22,0,1.9,0,0.08,0,9.0,0,32.0,0,0.9974,0,3.13,0,0.55,0,9.5,0,5,0
7.8,0,0.76,0,0.04,0,2.3,0,0.092,0,15.0,0,54.0,0,0.997,0,3.26,0,0.65,0,9.8,0,5,0
7.9,0,0.6,0,0.06,0,1.6,0,0.069,0,15.0,0,59.0,0,0.9964,0,3.3,0,0.46,0,9.4,0,5,0
7.9,0,0.53,0,0.24,0,2.0,0,0.072,0,15.0,0,105.0,0,0.996,0,3.27,0,0.54,0,9.4,0,6,0
8.6,0,0.37,0,0.65,0,6.4,1,0.08,0,3.0,0,8.0,0,0.99817,0,3.27,0,0.58,0,11.0,0,5,0
11.1,0,0.39,0,0.54,0,2.7,0,0.095,0,21.0,0,101.0,0,1.0001,0,3.13,0,0.51,0,9.5,0,5,0
9.4,0,0.59,0,0.14,0,2.0,0,0.084,0,25.0,0,48.0,0,0.9981,0,3.14,0,0.56,0,9.7,0,5,0
12.8,1,0.615,0,0.66,0,5.8,1,0.083,0,7.0,0,42.0,0,1.0022,1,3.07,0,0.73,0,10.0,0,7,0
7.5,0,0.52,0,0.4,0,2.2,0,0.06,0,12.0,0,20.0,0,0.99474,0,3.26,0,0.64,0,11.8,0,6,0
7.0,0,0.49,0,0.49,0,5.6,1,0.06,0,26.0,0,121.0,0,0.9974,0,3.34,0,0.76,0,10.5,0,5,0
7.4,0,0.35,0,0.33,0,2.4,0,0.068,0,9.0,0,26.0,0,0.9947,0,3.36,0,0.6,0,11.9,0,6,0
7.9,0,0.43,0,0.21,0,1.6,0,0.106,0,10.0,0,37.0,0,0.9966,0,3.17,0,0.91,0,9.5,0,5,0
8.2,0,0.2,0,0.43,0,2.5,0,0.076,0,31.0,0,51.0,0,0.99672,0,3.53,0,0.81,0,10.4,0,6,0
7.1,0,0.36,0,0.3,0,1.6,0,0.08,0,35.0,0,70.0,0,0.99693,0,3.44,0,0.5,0,9.4,0,5,0
6.8,0,0.64,0,0.03,0,2.3,0,0.075,0,14.0,0,31.0,0,0.99545,0,3.36,0,0.58,0,10.4,0,6,0
7.2,0,0.39,0,0.44,0,2.6,0,0.066,0,22.0,0,48.0,0,0.99494,0,3.3,0,0.84,0,11.5,0,6,0
7.7,0,0.915,0,0.12,0,2.2,0,0.143,1,7.0,0,23.0,0,0.9964,0,3.35,0,0.65,0,10.2,0,7,0
7.4,0,0.68,0,0.16,0,1.8,0,0.078,0,12.0,0,39.0,0,0.9977,0,3.5,0,0.7,0,9.9,0,6,0
8.4,0,0.56,0,0.04,0,2.0,0,0.082,0,10.0,0,22.0,0,0.9976,0,3.22,0,0.44,0,9.6,0,5,0
9.2,0,0.92,0,0.24,0,2.6,0,0.087,0,12.0,0,93.0,0,0.9998,0,3.48,0,0.54,0,9.8,0,5,0
7.2,0,0.38,0,0.38,0,2.8,0,0.068,0,23.0,0,42.0,0,0.99356,0,3.34,0,0.72,0,12.9,0,7,0
6.8,0,0.69,0,0.0,0,5.6,1,0.124,1,21.0,0,58.0,0,0.9997,0,3.46,0,0.72,0,10.2,0,5,0
9.0,0,0.38,0,0.41,0,2.4,0,0.103,0,6.0,0,10.0,0,0.99604,0,3.13,0,0.58,0,11.9,0,7,0
9.4,0,0.34,0,0.37,0,2.2,0,0.075,0,5.0,0,13.0,0,0.998,0,3.22,0,0.62,0,9.2,0,5,0
6.3,0,0.39,0,0.16,0,1.4,0,0.08,0,11.0,0,23.0,0,0.9955,0,3.34,0,0.56,0,9.3,0,5,0
8.9,0,0.43,0,0.45,0,1.9,0,0.052,0,6.0,0,16.0,0,0.9948,0,3.35,0,0.7,0,12.5,0,6,0
10.2,0,0.24,0,0.49,0,2.4,0,0.075,0,10.0,0,28.0,0,0.9978,0,3.14,0,0.61,0,10.4,0,5,0
8.7,0,0.29,0,0.52,0,1.6,0,0.113,0,12.0,0,37.0,0,0.9969,0,3.25,0,0.58,0,9.5,0,5,0
7.8,0,0.41,0,0.68,0,1.7,0,0.467,1,18.0,0,69.0,0,0.9973,0,3.08,0,1.31,1,9.3,0,5,0
9.1,0,0.785,0,0.0,0,2.6,0,0.093,0,11.0,0,28.0,0,0.9994,0,3.36,0,0.86,0,9.4,0,6,0
7.7,0,0.62,0,0.04,0,3.8,1,0.084,0,25.0,0,45.0,0,0.9978,0,3.34,0,0.53,0,9.5,0,5,0
5.3,0,0.715,0,0.19,0,1.5,0,0.161,1,7.0,0,62.0,0,0.99395,0,3.62,0,0.61,0,11.0,0,5,0
8.2,0,0.57,0,0.26,0,2.2,0,0.06,0,28.0,0,65.0,0,0.9959,0,3.3,0,0.43,0,10.1,0,5,0
7.3,0,1.07,1,0.09,0,1.7,0,0.178,1,10.0,0,89.0,0,0.9962,0,3.3,0,0.57,0,9.0,0,5,0
7.7,0,0.39,0,0.12,0,1.7,0,0.097,0,19.0,0,27.0,0,0.99596,0,3.16,0,0.49,0,9.4,0,5,0
6.8,0,0.36,0,0.32,0,1.8,0,0.067,0,4.0,0,8.0,0,0.9928,0,3.36,0,0.55,0,12.8,0,7,0
7.7,0,0.69,0,0.22,0,1.9,0,0.084,0,18.0,0,94.0,0,0.9961,0,3.31,0,0.48,0,9.5,0,5,0
8.0,0,0.6,0,0.22,0,2.1,0,0.08,0,25.0,0,105.0,0,0.99613,0,3.3,0,0.49,0,9.9,0,5,0
7.6,0,0.715,0,0.0,0,2.1,0,0.068,0,30.0,0,35.0,0,0.99533,0,3.48,0,0.65,0,11.4,0,6,0
7.3,0,0.49,0,0.1,0,2.6,0,0.068,0,4.0,0,14.0,0,0.99562,0,3.3,0,0.47,0,10.5,0,5,0
4.6,0,0.52,0,0.15,0,2.1,0,0.054,0,8.0,0,65.0,0,0.9934,0,3.9,1,0.56,0,13.1,0,4,0
11.5,0,0.42,0,0.48,0,2.6,0,0.077,0,8.0,0,20.0,0,0.99852,0,3.09,0,0.53,0,11.0,0,5,0
9.3,0,0.4,0,0.49,0,2.5,0,0.085,0,38.0,0,142.0,1,0.9978,0,3.22,0,0.55,0,9.4,0,5,0
9.7,0,0.295,0,0.4,0,1.5,0,0.073,0,14.0,0,21.0,0,0.99556,0,3.14,0,0.51,0,10.9,0,6,0
7.2,0,0.66,0,0.03,0,2.3,0,0.078,0,16.0,0,86.0,0,0.99743,0,3.53,0,0.57,0,9.7,0,5,0
12.2,0,0.45,0,0.49,0,1.4,0,0.075,0,3.0,0,6.0,0,0.9969,0,3.13,0,0.63,0,10.4,0,5,0
8.3,0,1.02,1,0.02,0,3.4,0,0.084,0,6.0,0,11.0,0,0.99892,0,3.48,0,0.49,0,11.0,0,3,1
10.3,0,0.27,0,0.24,0,2.1,0,0.072,0,15.0,0,33.0,0,0.9956,0,3.22,0,0.66,0,12.8,0,6,0
7.5,0,0.57,0,0.02,0,2.6,0,0.077,0,11.0,0,35.0,0,0.99557,0,3.36,0,0.62,0,10.8,0,6,0
13.2,1,0.46,0,0.52,0,2.2,0,0.071,0,12.0,0,35.0,0,1.0006,0,3.1,0,0.56,0,9.0,0,6,0
10.0,0,0.29,0,0.4,0,2.9,0,0.098,0,10.0,0,26.0,0,1.0006,0,3.48,0,0.91,0,9.7,0,5,0
6.8,0,0.41,0,0.31,0,8.8,1,0.084,0,26.0,0,45.0,0,0.99824,0,3.38,0,0.64,0,10.1,0,6,0
11.6,0,0.475,0,0.4,0,1.4,0,0.091,0,6.0,0,28.0,0,0.99704,0,3.07,0,0.65,0,10.0333333333333,0,6,0
7.2,0,0.6,0,0.04,0,2.5,0,0.076,0,18.0,0,88.0,0,0.99745,0,3.53,0,0.55,0,9.5,0,5,0
6.3,0,0.51,0,0.13,0,2.3,0,0.076,0,29.0,0,40.0,0,0.99574,0,3.42,0,0.75,0,11.0,0,6,0
8.8,0,0.4,0,0.4,0,2.2,0,0.079,0,19.0,0,52.0,0,0.998,0,3.44,0,0.64,0,9.2,0,5,0
9.1,0,0.3,0,0.34,0,2.0,0,0.064,0,12.0,0,25.0,0,0.99516,0,3.26,0,0.84,0,11.7,0,7,0
8.6,0,0.49,0,0.29,0,2.0,0,0.11,0,19.0,0,133.0,1,0.9972,0,2.93,1,1.98,1,9.8,0,5,0
8.3,0,0.49,0,0.36,0,1.8,0,0.222,1,6.0,0,16.0,0,0.998,0,3.18,0,0.6,0,9.5,0,6,0
6.2,0,0.6,0,0.08,0,2.0,0,0.09,0,32.0,0,44.0,0,0.9949,0,3.45,0,0.58,0,10.5,0,5,0
7.6,0,0.55,0,0.21,0,2.2,0,0.071,0,7.0,0,28.0,0,0.9964,0,3.28,0,0.55,0,9.7,0,5,0
11.4,0,0.26,0,0.44,0,3.6,0,0.071,0,6.0,0,19.0,0,0.9986,0,3.12,0,0.82,0,9.3,0,6,0
5.1,0,0.47,0,0.02,0,1.3,0,0.034,1,18.0,0,44.0,0,0.9921,1,3.9,1,0.62,0,12.8,0,6,0
12.6,1,0.38,0,0.66,0,2.6,0,0.088,0,10.0,0,41.0,0,1.001,0,3.17,0,0.68,0,9.8,0,6,0
7.3,0,0.365,0,0.49,0,2.5,0,0.088,0,39.0,0,106.0,0,0.9966,0,3.36,0,0.78,0,11.0,0,5,0
7.4,0,0.61,0,0.01,0,2.0,0,0.074,0,13.0,0,38.0,0,0.99748,0,3.48,0,0.65,0,9.8,0,5,0
6.9,0,0.51,0,0.23,0,2.0,0,0.072,0,13.0,0,22.0,0,0.99438,0,3.4,0,0.84,0,11.2,0,6,0
7.2,0,0.73,0,0.02,0,2.5,0,0.076,0,16.0,0,42.0,0,0.9972,0,3.44,0,0.52,0,9.3,0,5,0
11.6,0,0.41,0,0.54,0,1.5,0,0.095,0,22.0,0,41.0,0,0.99735,0,3.02,0,0.76,0,9.9,0,7,0
8.6,0,0.52,0,0.38,0,1.5,0,0.096,0,5.0,0,18.0,0,0.99666,0,3.2,0,0.52,0,9.4,0,5,0
7.8,0,0.56,0,0.19,0,1.8,0,0.104,0,12.0,0,47.0,0,0.9964,0,3.19,0,0.93,0,9.5,0,5,0
9.8,0,0.5,0,0.34,0,2.3,0,0.094,0,10.0,0,45.0,0,0.99864,0,3.24,0,0.6,0,9.7,0,7,0
7.5,0,0.49,0,0.2,0,2.6,0,0.332,1,8.0,0,14.0,0,0.9968,0,3.21,0,0.9,0,10.5,0,6,0
8.2,0,0.34,0,0.38,0,2.5,0,0.08,0,12.0,0,57.0,0,0.9978,0,3.3,0,0.47,0,9.0,0,6,0
9.0,0,0.62,0,0.04,0,1.9,0,0.146,1,27.0,0,90.0,0,0.9984,0,3.16,0,0.7,0,9.4,0,5,0
7.0,0,0.43,0,0.36,0,1.6,0,0.089,0,14.0,0,37.0,0,0.99615,0,3.34,0,0.56,0,9.2,0,6,0
6.6,0,0.61,0,0.01,0,1.9,0,0.08,0,8.0,0,25.0,0,0.99746,0,3.69,1,0.73,0,10.5,0,5,0
6.6,0,0.5,0,0.04,0,2.1,0,0.068,0,6.0,0,14.0,0,0.9955,0,3.39,0,0.64,0,9.4,0,6,0
7.5,0,0.58,0,0.2,0,2.0,0,0.073,0,34.0,0,44.0,0,0.99494,0,3.1,0,0.43,0,9.3,0,5,0
9.1,0,0.47,0,0.49,0,2.6,0,0.094,0,38.0,0,106.0,0,0.9982,0,3.08,0,0.59,0,9.1,0,5,0
9.3,0,0.32,0,0.57,0,2.0,0,0.074,0,27.0,0,65.0,0,0.9969,0,3.28,0,0.79,0,10.7,0,5,0
8.0,0,0.18,0,0.37,0,0.9,0,0.049,0,36.0,0,109.0,0,0.99007,1,2.89,1,0.44,0,12.7,0,6,0
7.6,0,0.49,0,0.33,0,1.9,0,0.074,0,27.0,0,85.0,0,0.99706,0,3.41,0,0.58,0,9.0,0,5,0
8.8,0,0.33,0,0.41,0,5.9,1,0.073,0,7.0,0,13.0,0,0.99658,0,3.3,0,0.62,0,12.1,0,7,0
11.1,0,0.31,0,0.53,0,2.2,0,0.06,0,3.0,0,10.0,0,0.99572,0,3.02,0,0.83,0,10.9,0,7,0
6.8,0,0.61,0,0.2,0,1.8,0,0.077,0,11.0,0,65.0,0,0.9971,0,3.54,0,0.58,0,9.3,0,5,0
7.2,0,0.415,0,0.36,0,2.0,0,0.081,0,13.0,0,45.0,0,0.9972,0,3.48,0,0.64,0,9.2,0,5,0
8.7,0,0.46,0,0.31,0,2.5,0,0.126,1,24.0,0,64.0,0,0.99746,0,3.1,0,0.74,0,9.6,0,5,0
5.6,0,0.5,0,0.09,0,2.3,0,0.049,0,17.0,0,99.0,0,0.9937,0,3.63,0,0.63,0,13.0,0,5,0
6.2,0,0.45,0,0.2,0,1.6,0,0.069,0,3.0,0,15.0,0,0.9958,0,3.41,0,0.56,0,9.2,0,5,0
7.0,0,0.6,0,0.3,0,4.5,1,0.068,0,20.0,0,110.0,0,0.99914,0,3.3,0,1.17,1,10.2,0,5,0
8.1,0,0.575,0,0.22,0,2.1,0,0.077,0,12.0,0,65.0,0,0.9967,0,3.29,0,0.51,0,9.2,0,5,0
7.8,0,0.55,0,0.0,0,1.7,0,0.07,0,7.0,0,17.0,0,0.99659,0,3.26,0,0.64,0,9.4,0,6,0
9.5,0,0.46,0,0.49,0,6.3,1,0.064,0,5.0,0,17.0,0,0.9988,0,3.21,0,0.73,0,11.0,0,6,0
10.4,0,0.44,0,0.42,0,1.5,0,0.145,1,34.0,0,48.0,0,0.99832,0,3.38,0,0.86,0,9.9,0,3,1
10.6,0,0.28,0,0.39,0,15.5,1,0.069,0,6.0,0,23.0,0,1.0026,1,3.12,0,0.66,0,9.2,0,5,0
7.8,0,0.63,0,0.48,0,1.7,0,0.1,0,14.0,0,96.0,0,0.9961,0,3.19,0,0.62,0,9.5,0,5,0
7.7,0,0.53,0,0.06,0,1.7,0,0.074,0,9.0,0,39.0,0,0.99615,0,3.35,0,0.48,0,9.8,0,6,0
10.3,0,0.41,0,0.42,0,2.4,0,0.213,1,6.0,0,14.0,0,0.9994,0,3.19,0,0.62,0,9.5,0,6,0
12.5,1,0.38,0,0.6,0,2.6,0,0.081,0,31.0,0,72.0,0,0.9996,0,3.1,0,0.73,0,10.5,0,5,0
10.6,0,0.5,0,0.45,0,2.6,0,0.119,1,34.0,0,68.0,0,0.99708,0,3.23,0,0.72,0,10.9,0,6,0
7.9,0,0.65,0,0.01,0,2.5,0,0.078,0,17.0,0,38.0,0,0.9963,0,3.34,0,0.74,0,11.7,0,7,0
7.9,0,0.66,0,0.0,0,1.4,0,0.096,0,6.0,0,13.0,0,0.99569,0,3.43,0,0.58,0,9.5,0,5,0
7.0,0,0.5,0,0.25,0,2.0,0,0.07,0,3.0,0,22.0,0,0.9963,0,3.25,0,0.63,0,9.2,0,5,0
11.7,0,0.28,0,0.47,0,1.7,0,0.054,0,17.0,0,32.0,0,0.99686,0,3.15,0,0.67,0,10.6,0,7,0
8.0,0,0.3,0,0.63,0,1.6,0,0.081,0,16.0,0,29.0,0,0.99588,0,3.3,0,0.78,0,10.8,0,6,0
8.2,0,0.59,0,0.0,0,2.5,0,0.093,0,19.0,0,58.0,0,1.0002,0,3.5,0,0.65,0,9.3,0,6,0
8.9,0,0.84,0,0.34,0,1.4,0,0.05,0,4.0,0,10.0,0,0.99554,0,3.12,0,0.48,0,9.1,0,6,0
7.9,0,0.34,0,0.42,0,2.0,0,0.086,0,8.0,0,19.0,0,0.99546,0,3.35,0,0.6,0,11.4,0,6,0
6.6,0,0.84,0,0.03,0,2.3,0,0.059,0,32.0,0,48.0,0,0.9952,0,3.52,0,0.56,0,12.3,0,7,0
8.1,0,0.545,0,0.18,0,1.9,0,0.08,0,13.0,0,35.0,0,0.9972,0,3.3,0,0.59,0,9.0,0,6,0
10.4,0,0.41,0,0.55,0,3.2,0,0.076,0,22.0,0,54.0,0,0.9996,0,3.15,0,0.89,0,9.9,0,6,0
9.7,0,0.32,0,0.54,0,2.5,0,0.094,0,28.0,0,83.0,0,0.9984,0,3.28,0,0.82,0,9.6,0,5,0
7.2,0,0.37,0,0.32,0,2.0,0,0.062,0,15.0,0,28.0,0,0.9947,0,3.23,0,0.73,0,11.3,0,7,0
5.6,0,0.66,0,0.0,0,2.2,0,0.087,0,3.0,0,11.0,0,0.99378,0,3.71,1,0.63,0,12.8,0,7,0
7.2,0,0.37,0,0.32,0,2.0,0,0.062,0,15.0,0,28.0,0,0.9947,0,3.23,0,0.73,0,11.3,0,7,0
8.3,0,0.705,0,0.12,0,2.6,0,0.092,0,12.0,0,28.0,0,0.9994,0,3.51,0,0.72,0,10.0,0,5,0
8.2,0,0.885,0,0.2,0,1.4,0,0.086,0,7.0,0,31.0,0,0.9946,0,3.11,0,0.46,0,10.0,0,5,0
7.5,0,0.51,0,0.02,0,1.7,0,0.084,0,13.0,0,31.0,0,0.99538,0,3.36,0,0.54,0,10.5,0,6,0
7.6,0,0.79,0,0.21,0,2.3,0,0.087,0,21.0,0,68.0,0,0.9955,0,3.12,0,0.44,0,9.2,0,5,0
7.1,0,0.48,0,0.28,0,2.8,0,0.068,0,6.0,0,16.0,0,0.99682,0,3.24,0,0.53,0,10.3,0,5,0
8.8,0,0.7,0,0.0,0,1.7,0,0.069,0,8.0,0,19.0,0,0.99701,0,3.31,0,0.53,0,10.0,0,6,0
7.0,0,0.45,0,0.34,0,2.7,0,0.082,0,16.0,0,72.0,0,0.998,0,3.55,0,0.6,0,9.5,0,5,0
7.8,0,0.46,0,0.26,0,1.9,0,0.088,0,23.0,0,53.0,0,0.9981,0,3.43,0,0.74,0,9.2,0,6,0
7.2,0,0.63,0,0.0,0,1.9,0,0.097,0,14.0,0,38.0,0,0.99675,0,3.37,0,0.58,0,9.0,0,6,0
6.7,0,0.46,0,0.24,0,1.7,0,0.077,0,18.0,0,34.0,0,0.9948,0,3.39,0,0.6,0,10.6,0,6,0
7.9,0,0.35,0,0.46,0,3.6,0,0.078,0,15.0,0,37.0,0,0.9973,0,3.35,0,0.86,0,12.8,0,8,1
10.3,0,0.53,0,0.48,0,2.5,0,0.063,0,6.0,0,25.0,0,0.9998,0,3.12,0,0.59,0,9.3,0,6,0
6.9,0,0.58,0,0.01,0,1.9,0,0.08,0,40.0,0,54.0,0,0.99683,0,3.4,0,0.73,0,9.7,0,5,0
7.8,0,0.56,0,0.12,0,2.0,0,0.082,0,7.0,0,28.0,0,0.997,0,3.37,0,0.5,0,9.4,0,6,0
7.0,0,0.6,0,0.3,0,4.5,1,0.068,0,20.0,0,110.0,0,0.99914,0,3.3,0,1.17,1,10.2,0,5,0
8.2,0,0.73,0,0.21,0,1.7,0,0.074,0,5.0,0,13.0,0,0.9968,0,3.2,0,0.52,0,9.5,0,5,0
7.3,0,0.66,0,0.0,0,2.0,0,0.084,0,6.0,0,23.0,0,0.9983,0,3.61,0,0.96,0,9.9,0,6,0
9.1,0,0.37,0,0.32,0,2.1,0,0.064,0,4.0,0,15.0,0,0.99576,0,3.3,0,0.8,0,11.2,0,6,0
6.9,0,0.45,0,0.11,0,2.4,0,0.043,0,6.0,0,12.0,0,0.99354,0,3.3,0,0.65,0,11.4,0,6,0
7.7,0,0.67,0,0.23,0,2.1,0,0.088,0,17.0,0,96.0,0,0.9962,0,3.32,0,0.48,0,9.5,0,5,0
5.0,0,1.02,1,0.04,0,1.4,0,0.045,0,41.0,0,85.0,0,0.9938,0,3.75,1,0.48,0,10.5,0,4,0
8.5,0,0.47,0,0.27,0,1.9,0,0.058,0,18.0,0,38.0,0,0.99518,0,3.16,0,0.85,0,11.1,0,6,0
6.9,0,0.605,0,0.12,0,10.7,1,0.073,0,40.0,0,83.0,0,0.9993,0,3.45,0,0.52,0,9.4,0,6,0
9.4,0,0.5,0,0.34,0,3.6,0,0.082,0,5.0,0,14.0,0,0.9987,0,3.29,0,0.52,0,10.7,0,6,0
10.9,0,0.32,0,0.52,0,1.8,0,0.132,1,17.0,0,44.0,0,0.99734,0,3.28,0,0.77,0,11.5,0,6,0
8.6,0,0.53,0,0.22,0,2.0,0,0.1,0,7.0,0,27.0,0,0.9967,0,3.2,0,0.56,0,10.2,0,6,0
9.5,0,0.735,0,0.1,0,2.1,0,0.079,0,6.0,0,31.0,0,0.9986,0,3.23,0,0.56,0,10.1,0,6,0
9.4,0,0.685,0,0.26,0,2.4,0,0.082,0,23.0,0,143.0,1,0.9978,0,3.28,0,0.55,0,9.4,0,5,0
8.0,0,0.43,0,0.36,0,2.3,0,0.075,0,10.0,0,48.0,0,0.9976,0,3.34,0,0.46,0,9.4,0,5,0
10.0,0,0.26,0,0.54,0,1.9,0,0.083,0,42.0,0,74.0,0,0.99451,0,2.98,0,0.63,0,11.8,0,8,1
8.5,0,0.4,0,0.4,0,6.3,1,0.05,0,3.0,0,10.0,0,0.99566,0,3.28,0,0.56,0,12.0,0,4,0
7.4,0,0.7,0,0.0,0,1.9,0,0.076,0,11.0,0,34.0,0,0.9978,0,3.51,0,0.56,0,9.4,0,5,0
8.0,0,1.18,1,0.21,0,1.9,0,0.083,0,14.0,0,41.0,0,0.99532,0,3.34,0,0.47,0,10.5,0,5,0
6.8,0,0.62,0,0.08,0,1.9,0,0.068,0,28.0,0,38.0,0,0.99651,0,3.42,0,0.82,0,9.5,0,6,0
6.8,0,0.785,0,0.0,0,2.4,0,0.104,0,14.0,0,30.0,0,0.9966,0,3.52,0,0.55,0,10.7,0,6,0
6.3,0,0.3,0,0.48,0,1.8,0,0.069,0,18.0,0,61.0,0,0.9959,0,3.44,0,0.78,0,10.3,0,6,0
8.9,0,0.12,0,0.45,0,1.8,0,0.075,0,10.0,0,21.0,0,0.99552,0,3.41,0,0.76,0,11.9,0,7,0
7.4,0,0.5,0,0.47,0,2.0,0,0.086,0,21.0,0,73.0,0,0.997,0,3.36,0,0.57,0,9.1,0,5,0
9.2,0,0.63,0,0.21,0,2.7,0,0.097,0,29.0,0,65.0,0,0.9988,0,3.28,0,0.58,0,9.6,0,5,0
8.9,0,0.745,0,0.18,0,2.5,0,0.077,0,15.0,0,48.0,0,0.99739,0,3.2,0,0.47,0,9.7,0,6,0
10.8,0,0.4,0,0.41,0,2.2,0,0.084,0,7.0,0,17.0,0,0.9984,0,3.08,0,0.67,0,9.3,0,6,0
6.1,0,0.53,0,0.08,0,1.9,0,0.077,0,24.0,0,45.0,0,0.99528,0,3.6,0,0.68,0,10.3,0,6,0
7.3,0,0.4,0,0.3,0,1.7,0,0.08,0,33.0,0,79.0,0,0.9969,0,3.41,0,0.65,0,9.5,0,6,0
8.0,0,0.67,0,0.3,0,2.0,0,0.06,0,38.0,0,62.0,0,0.9958,0,3.26,0,0.56,0,10.2,0,6,0
7.1,0,0.59,0,0.02,0,2.3,0,0.082,0,24.0,0,94.0,0,0.99744,0,3.55,0,0.53,0,9.7,0,6,0
7.6,0,0.63,0,0.03,0,2.0,0,0.08,0,27.0,0,43.0,0,0.99578,0,3.44,0,0.64,0,10.9,0,6,0
9.9,0,0.54,0,0.45,0,2.3,0,0.071,0,16.0,0,40.0,0,0.9991,0,3.39,0,0.62,0,9.4,0,5,0
7.5,0,0.42,0,0.32,0,2.7,0,0.067,0,7.0,0,25.0,0,0.99628,0,3.24,0,0.44,0,10.4,0,5,0
7.5,0,0.71,0,0.0,0,1.6,0,0.092,0,22.0,0,31.0,0,0.99635,0,3.38,0,0.58,0,10.0,0,6,0
7.7,0,0.58,0,0.01,0,1.8,0,0.088,0,12.0,0,18.0,0,0.99568,0,3.32,0,0.56,0,10.5,0,7,0
6.9,0,0.41,0,0.31,0,2.0,0,0.079,0,21.0,0,51.0,0,0.99668,0,3.47,0,0.55,0,9.5,0,6,0
8.8,0,0.955,0,0.05,0,1.8,0,0.075,0,5.0,0,19.0,0,0.99616,0,3.3,0,0.44,0,9.6,0,4,0
7.7,0,0.69,0,0.05,0,2.7,0,0.075,0,15.0,0,27.0,0,0.9974,0,3.26,0,0.61,0,9.1,0,5,0
7.4,0,0.64,0,0.07,0,1.8,0,0.1,0,8.0,0,23.0,0,0.9961,0,3.3,0,0.58,0,9.6,0,5,0
7.4,0,0.965,0,0.0,0,2.2,0,0.088,0,16.0,0,32.0,0,0.99756,0,3.58,0,0.67,0,10.2,0,5,0
7.3,0,0.735,0,0.0,0,2.2,0,0.08,0,18.0,0,28.0,0,0.99765,0,3.41,0,0.6,0,9.4,0,5,0
7.2,0,0.49,0,0.24,0,2.2,0,0.07,0,5.0,0,36.0,0,0.996,0,3.33,0,0.48,0,9.4,0,5,0
6.3,0,0.36,0,0.19,0,3.2,0,0.075,0,15.0,0,39.0,0,0.9956,0,3.56,0,0.52,0,12.7,0,6,0
7.6,0,0.78,0,0.0,0,1.7,0,0.076,0,33.0,0,45.0,0,0.99612,0,3.31,0,0.62,0,10.7,0,6,0
7.7,0,0.66,0,0.04,0,1.6,0,0.039,1,4.0,0,9.0,0,0.9962,0,3.4,0,0.47,0,9.4,0,5,0
7.5,0,0.755,0,0.0,0,1.9,0,0.084,0,6.0,0,12.0,0,0.99672,0,3.34,0,0.49,0,9.7,0,4,0
7.5,0,0.27,0,0.34,0,2.3,0,0.05,0,4.0,0,8.0,0,0.9951,0,3.4,0,0.64,0,11.0,0,7,0
7.9,0,0.57,0,0.31,0,2.0,0,0.079,0,10.0,0,79.0,0,0.99677,0,3.29,0,0.69,0,9.5,0,6,0
5.9,0,0.19,0,0.21,0,1.7,0,0.045,0,57.0,1,135.0,1,0.99341,0,3.32,0,0.44,0,9.5,0,5,0
7.5,0,0.52,0,0.16,0,1.9,0,0.085,0,12.0,0,35.0,0,0.9968,0,3.38,0,0.62,0,9.5,0,7,0
7.7,0,0.27,0,0.68,0,3.5,0,0.358,1,5.0,0,10.0,0,0.9972,0,3.25,0,1.08,1,9.9,0,7,0
8.0,0,0.42,0,0.32,0,2.5,0,0.08,0,26.0,0,122.0,0,0.99801,0,3.22,0,1.07,1,9.7,0,5,0
8.3,0,0.43,0,0.3,0,3.4,0,0.079,0,7.0,0,34.0,0,0.99788,0,3.36,0,0.61,0,10.5,0,5,0
6.6,0,0.725,0,0.2,0,7.8,1,0.073,0,29.0,0,79.0,0,0.9977,0,3.29,0,0.54,0,9.2,0,5,0
7.2,0,0.63,0,0.0,0,1.9,0,0.097,0,14.0,0,38.0,0,0.99675,0,3.37,0,0.58,0,9.0,0,6,0
8.6,0,0.645,0,0.25,0,2.0,0,0.083,0,8.0,0,28.0,0,0.99815,0,3.28,0,0.6,0,10.0,0,6,0
8.1,0,0.67,0,0.55,0,1.8,0,0.117,0,32.0,0,141.0,1,0.9968,0,3.17,0,0.62,0,9.4,0,5,0
6.2,0,0.57,0,0.1,0,2.1,0,0.048,0,4.0,0,11.0,0,0.99448,0,3.44,0,0.76,0,10.8,0,6,0
7.4,0,0.55,0,0.22,0,2.2,0,0.106,0,12.0,0,72.0,0,0.9959,0,3.05,0,0.63,0,9.2,0,5,0
6.2,0,0.58,0,0.0,0,1.6,0,0.065,0,8.0,0,18.0,0,0.9966,0,3.56,0,0.84,0,9.4,0,5,0
8.8,0,0.55,0,0.04,0,2.2,0,0.119,1,14.0,0,56.0,0,0.9962,0,3.21,0,0.6,0,10.9,0,6,0
7.7,0,0.57,0,0.21,0,1.5,0,0.069,0,4.0,0,9.0,0,0.99458,0,3.16,0,0.54,0,9.8,0,6,0
6.2,0,0.7,0,0.15,0,5.1,1,0.076,0,13.0,0,27.0,0,0.99622,0,3.54,0,0.6,0,11.9,0,6,0
10.8,0,0.32,0,0.44,0,1.6,0,0.063,0,16.0,0,37.0,0,0.9985,0,3.22,0,0.78,0,10.0,0,6,0
7.2,0,0.39,0,0.32,0,1.8,0,0.065,0,34.0,0,60.0,0,0.99714,0,3.46,0,0.78,0,9.9,0,5,0
11.3,0,0.37,0,0.5,0,1.8,0,0.09,0,20.0,0,47.0,0,0.99734,0,3.15,0,0.57,0,10.5,0,5,0
7.2,0,0.48,0,0.07,0,5.5,1,0.089,0,10.0,0,18.0,0,0.99684,0,3.37,0,0.68,0,11.2,0,7,0
7.5,0,0.5,0,0.36,0,6.1,1,0.071,0,17.0,0,102.0,0,0.9978,0,3.35,0,0.8,0,10.5,0,5,0
11.9,0,0.39,0,0.69,0,2.8,0,0.095,0,17.0,0,35.0,0,0.9994,0,3.1,0,0.61,0,10.8,0,6,0
7.1,0,0.75,0,0.01,0,2.2,0,0.059,0,11.0,0,18.0,0,0.99242,1,3.39,0,0.4,0,12.8,0,6,0
8.2,0,0.43,0,0.29,0,1.6,0,0.081,0,27.0,0,45.0,0,0.99603,0,3.25,0,0.54,0,10.3,0,5,0
7.8,0,0.545,0,0.12,0,2.5,0,0.068,0,11.0,0,35.0,0,0.996,0,3.34,0,0.61,0,11.6,0,6,0
8.0,0,0.57,0,0.23,0,3.2,0,0.073,0,17.0,0,119.0,0,0.99675,0,3.26,0,0.57,0,9.3,0,5,0
8.4,0,0.31,0,0.29,0,3.1,0,0.194,1,14.0,0,26.0,0,0.99536,0,3.22,0,0.78,0,12.0,0,6,0
9.9,0,0.49,0,0.58,0,3.5,0,0.094,0,9.0,0,43.0,0,1.0004,0,3.29,0,0.58,0,9.0,0,5,0
9.6,0,0.38,0,0.31,0,2.5,0,0.096,0,16.0,0,49.0,0,0.9982,0,3.19,0,0.7,0,10.0,0,7,0
6.1,0,0.64,0,0.02,0,2.4,0,0.069,0,26.0,0,46.0,0,0.99358,0,3.47,0,0.45,0,11.0,0,5,0
7.0,0,0.69,0,0.0,0,1.9,0,0.114,0,3.0,0,10.0,0,0.99636,0,3.35,0,0.6,0,9.7,0,6,0
15.6,1,0.645,0,0.49,0,4.2,1,0.095,0,10.0,0,23.0,0,1.00315,1,2.92,1,0.74,0,11.1,0,5,0
7.4,0,0.52,0,0.13,0,2.4,0,0.078,0,34.0,0,61.0,0,0.99528,0,3.43,0,0.59,0,10.8,0,6,0
8.6,0,0.47,0,0.27,0,2.3,0,0.055,0,14.0,0,28.0,0,0.99516,0,3.18,0,0.8,0,11.2,0,5,0
8.7,0,0.78,0,0.51,0,1.7,0,0.415,1,12.0,0,66.0,0,0.99623,0,3.0,0,1.17,1,9.2,0,5,0
6.6,0,0.5,0,0.0,0,1.8,0,0.062,0,21.0,0,28.0,0,0.99352,0,3.44,0,0.55,0,12.3,0,6,0
9.2,0,0.43,0,0.52,0,2.3,0,0.083,0,14.0,0,23.0,0,0.9976,0,3.35,0,0.61,0,11.3,0,6,0
7.1,0,0.31,0,0.3,0,2.2,0,0.053,0,36.0,0,127.0,0,0.9965,0,2.94,1,1.62,1,9.5,0,5,0
9.1,0,0.775,0,0.22,0,2.2,0,0.079,0,12.0,0,48.0,0,0.9976,0,3.18,0,0.51,0,9.6,0,5,0
7.6,0,0.35,0,0.6,0,2.6,0,0.073,0,23.0,0,44.0,0,0.99656,0,3.38,0,0.79,0,11.1,0,6,0
5.2,0,0.34,0,0.0,0,1.8,0,0.05,0,27.0,0,63.0,0,0.9916,1,3.68,1,0.79,0,14.0,1,6,0
10.4,0,0.44,0,0.73,0,6.55,1,0.074,0,38.0,0,76.0,0,0.999,0,3.17,0,0.85,0,12.0,0,7,0
8.4,0,0.62,0,0.12,0,1.8,0,0.072,0,38.0,0,46.0,0,0.99504,0,3.38,0,0.89,0,11.8,0,6,0
9.0,0,0.785,0,0.24,0,1.7,0,0.078,0,10.0,0,21.0,0,0.99692,0,3.29,0,0.67,0,10.0,0,5,0
9.0,0,0.69,0,0.0,0,2.4,0,0.088,0,19.0,0,38.0,0,0.999,0,3.35,0,0.6,0,9.3,0,5,0
5.3,0,0.47,0,0.11,0,2.2,0,0.048,0,16.0,0,89.0,0,0.99182,1,3.54,0,0.88,0,13.5666666666667,1,7,0
6.8,0,0.56,0,0.22,0,1.8,0,0.074,0,15.0,0,24.0,0,0.99438,0,3.4,0,0.82,0,11.2,0,6,0
8.9,0,0.875,0,0.13,0,3.45,0,0.088,0,4.0,0,14.0,0,0.9994,0,3.44,0,0.52,0,11.5,0,5,0
11.2,0,0.5,0,0.74,0,5.15,1,0.1,0,5.0,0,17.0,0,0.9996,0,3.22,0,0.62,0,11.2,0,5,0
7.5,0,0.52,0,0.42,0,2.3,0,0.087,0,8.0,0,38.0,0,0.9972,0,3.58,0,0.61,0,10.5,0,6,0
7.4,0,0.25,0,0.29,0,2.2,0,0.054,0,19.0,0,49.0,0,0.99666,0,3.4,0,0.76,0,10.9,0,7,0
7.0,0,0.65,0,0.02,0,2.1,0,0.066,0,8.0,0,25.0,0,0.9972,0,3.47,0,0.67,0,9.5,0,6,0
6.8,0,0.81,0,0.05,0,2.0,0,0.07,0,6.0,0,14.0,0,0.99562,0,3.51,0,0.66,0,10.8,0,6,0
8.3,0,0.53,0,0.0,0,1.4,0,0.07,0,6.0,0,14.0,0,0.99593,0,3.25,0,0.64,0,10.0,0,6,0
5.1,0,0.51,0,0.18,0,2.1,0,0.042,1,16.0,0,101.0,0,0.9924,1,3.46,0,0.87,0,12.9,0,7,0
7.0,0,0.51,0,0.09,0,2.1,0,0.062,0,4.0,0,9.0,0,0.99584,0,3.35,0,0.54,0,10.5,0,5,0
5.4,0,0.74,0,0.09,0,1.7,0,0.089,0,16.0,0,26.0,0,0.99402,0,3.67,1,0.56,0,11.6,0,6,0
7.3,0,0.65,0,0.0,0,1.2,0,0.065,0,15.0,0,21.0,0,0.9946,0,3.39,0,0.47,0,10.0,0,7,0
9.1,0,0.5,0,0.3,0,1.9,0,0.065,0,8.0,0,17.0,0,0.99774,0,3.32,0,0.71,0,10.5,0,6,0
11.3,0,0.34,0,0.45,0,2.0,0,0.082,0,6.0,0,15.0,0,0.9988,0,2.94,1,0.66,0,9.2,0,6,0
10.2,0,0.23,0,0.37,0,2.2,0,0.057,0,14.0,0,36.0,0,0.99614,0,3.23,0,0.49,0,9.3,0,4,0
10.5,0,0.42,0,0.66,0,2.95,0,0.116,0,12.0,0,29.0,0,0.997,0,3.24,0,0.75,0,11.7,0,7,0
8.5,0,0.66,0,0.2,0,2.1,0,0.097,0,23.0,0,113.0,0,0.99733,0,3.13,0,0.48,0,9.2,0,5,0
6.5,0,0.46,0,0.14,0,2.4,0,0.114,0,9.0,0,37.0,0,0.99732,0,3.66,0,0.65,0,9.8,0,5,0
7.7,0,0.965,0,0.1,0,2.1,0,0.112,0,11.0,0,22.0,0,0.9963,0,3.26,0,0.5,0,9.5,0,5,0
10.7,0,0.46,0,0.39,0,2.0,0,0.061,0,7.0,0,15.0,0,0.9981,0,3.18,0,0.62,0,9.5,0,5,0
7.0,0,0.69,0,0.07,0,2.5,0,0.091,0,15.0,0,21.0,0,0.99572,0,3.38,0,0.6,0,11.3,0,6,0
10.4,0,0.26,0,0.48,0,1.9,0,0.066,0,6.0,0,10.0,0,0.99724,0,3.33,0,0.87,0,10.9,0,6,0
8.2,0,0.31,0,0.4,0,2.2,0,0.058,0,6.0,0,10.0,0,0.99536,0,3.31,0,0.68,0,11.2,0,7,0
10.9,0,0.32,0,0.52,0,1.8,0,0.132,1,17.0,0,44.0,0,0.99734,0,3.28,0,0.77,0,11.5,0,6,0
7.0,0,0.43,0,0.3,0,2.0,0,0.085,0,6.0,0,39.0,0,0.99346,0,3.33,0,0.46,0,11.9,0,6,0
7.7,0,0.41,0,0.76,0,1.8,0,0.611,1,8.0,0,45.0,0,0.9968,0,3.06,0,1.26,1,9.4,0,5,0
9.9,0,0.35,0,0.38,0,1.5,0,0.058,0,31.0,0,47.0,0,0.99676,0,3.26,0,0.82,0,10.6,0,7,0
7.1,0,0.6,0,0.01,0,2.3,0,0.079,0,24.0,0,37.0,0,0.99514,0,3.4,0,0.61,0,10.9,0,6,0
9.1,0,0.28,0,0.48,0,1.8,0,0.067,0,26.0,0,46.0,0,0.9967,0,3.32,0,1.04,1,10.6,0,6,0
7.3,0,0.43,0,0.24,0,2.5,0,0.078,0,27.0,0,67.0,0,0.99648,0,3.6,0,0.59,0,11.1,0,6,0
8.8,0,0.52,0,0.34,0,2.7,0,0.087,0,24.0,0,122.0,0,0.9982,0,3.26,0,0.61,0,9.5,0,5,0
5.2,0,0.34,0,0.0,0,1.8,0,0.05,0,27.0,0,63.0,0,0.9916,1,3.68,1,0.79,0,14.0,1,6,0
10.4,0,0.64,0,0.24,0,2.8,0,0.105,0,29.0,0,53.0,0,0.9998,0,3.24,0,0.67,0,9.9,0,5,0
7.2,0,0.36,0,0.46,0,2.1,0,0.074,0,24.0,0,44.0,0,0.99534,0,3.4,0,0.85,0,11.0,0,7,0
8.5,0,0.37,0,0.2,0,2.8,0,0.09,0,18.0,0,58.0,0,0.998,0,3.34,0,0.7,0,9.6,0,6,0
6.5,0,0.885,0,0.0,0,2.3,0,0.166,1,6.0,0,12.0,0,0.99551,0,3.56,0,0.51,0,10.8,0,5,0
6.8,0,0.67,0,0.15,0,1.8,0,0.118,0,13.0,0,20.0,0,0.9954,0,3.42,0,0.67,0,11.3,0,6,0
12.6,1,0.31,0,0.72,0,2.2,0,0.072,0,6.0,0,29.0,0,0.9987,0,2.88,1,0.82,0,9.8,0,8,1
11.9,0,0.38,0,0.49,0,2.7,0,0.098,0,12.0,0,42.0,0,1.0004,0,3.16,0,0.61,0,10.3,0,5,0
8.0,0,0.715,0,0.22,0,2.3,0,0.075,0,13.0,0,81.0,0,0.99688,0,3.24,0,0.54,0,9.5,0,6,0
8.9,0,0.59,0,0.5,0,2.0,0,0.337,1,27.0,0,81.0,0,0.9964,0,3.04,0,1.61,1,9.5,0,6,0
6.6,0,0.725,0,0.09,0,5.5,1,0.117,0,9.0,0,17.0,0,0.99655,0,3.35,0,0.49,0,10.8,0,6,0
7.7,0,0.43,0,0.25,0,2.6,0,0.073,0,29.0,0,63.0,0,0.99615,0,3.37,0,0.58,0,10.5,0,6,0
8.3,0,0.85,0,0.14,0,2.5,0,0.093,0,13.0,0,54.0,0,0.99724,0,3.36,0,0.54,0,10.1,0,5,0
7.5,0,0.57,0,0.02,0,2.6,0,0.077,0,11.0,0,35.0,0,0.99557,0,3.36,0,0.62,0,10.8,0,6,0
11.6,0,0.44,0,0.64,0,2.1,0,0.059,0,5.0,0,15.0,0,0.998,0,3.21,0,0.67,0,10.2,0,6,0
8.9,0,0.75,0,0.14,0,2.5,0,0.086,0,9.0,0,30.0,0,0.99824,0,3.34,0,0.64,0,10.5,0,5,0
8.3,0,0.625,0,0.2,0,1.5,0,0.08,0,27.0,0,119.0,0,0.9972,0,3.16,0,1.12,1,9.1,0,4,0
6.9,0,0.49,0,0.1,0,2.3,0,0.074,0,12.0,0,30.0,0,0.9959,0,3.42,0,0.58,0,10.2,0,6,0
12.6,1,0.41,0,0.54,0,2.8,0,0.103,0,19.0,0,41.0,0,0.99939,0,3.21,0,0.76,0,11.3,0,6,0
6.4,0,0.795,0,0.0,0,2.2,0,0.065,0,28.0,0,52.0,0,0.99378,0,3.49,0,0.52,0,11.6,0,5,0
8.3,0,0.26,0,0.37,0,1.4,0,0.076,0,8.0,0,23.0,0,0.9974,0,3.26,0,0.7,0,9.6,0,6,0
8.2,0,0.73,0,0.21,0,1.7,0,0.074,0,5.0,0,13.0,0,0.9968,0,3.2,0,0.52,0,9.5,0,5,0
5.1,0,0.42,0,0.0,0,1.8,0,0.044,0,18.0,0,88.0,0,0.99157,1,3.68,1,0.73,0,13.6,1,7,0
15.5,1,0.645,0,0.49,0,4.2,1,0.095,0,10.0,0,23.0,0,1.00315,1,2.92,1,0.74,0,11.1,0,5,0
7.5,0,0.63,0,0.12,0,5.1,1,0.111,0,50.0,1,110.0,0,0.9983,0,3.26,0,0.77,0,9.4,0,5,0
6.6,0,0.5,0,0.01,0,1.5,0,0.06,0,17.0,0,26.0,0,0.9952,0,3.4,0,0.58,0,9.8,0,6,0
7.1,0,0.66,0,0.0,0,2.4,0,0.052,0,6.0,0,11.0,0,0.99318,0,3.35,0,0.66,0,12.7,0,7,0
7.4,0,0.61,0,0.01,0,2.0,0,0.074,0,13.0,0,38.0,0,0.99748,0,3.48,0,0.65,0,9.8,0,5,0
7.0,0,0.54,0,0.0,0,2.1,0,0.079,0,39.0,0,55.0,0,0.9956,0,3.39,0,0.84,0,11.4,0,6,0
6.7,0,0.54,0,0.13,0,2.0,0,0.076,0,15.0,0,36.0,0,0.9973,0,3.61,0,0.64,0,9.8,0,5,0
10.4,0,0.34,0,0.58,0,3.7,1,0.174,1,6.0,0,16.0,0,0.997,0,3.19,0,0.7,0,11.3,0,6,0
10.3,0,0.34,0,0.52,0,2.8,0,0.159,1,15.0,0,75.0,0,0.9998,0,3.18,0,0.64,0,9.4,0,5,0
11.2,0,0.67,0,0.55,0,2.3,0,0.084,0,6.0,0,13.0,0,1.0,0,3.17,0,0.71,0,9.5,0,6,0
7.8,0,0.87,0,0.26,0,3.8,1,0.107,0,31.0,0,67.0,0,0.99668,0,3.26,0,0.46,0,9.2,0,5,0
10.5,0,0.24,0,0.42,0,1.8,0,0.077,0,6.0,0,22.0,0,0.9976,0,3.21,0,1.05,1,10.8,0,7,0
7.7,0,0.64,0,0.21,0,2.2,0,0.077,0,32.0,0,133.0,1,0.9956,0,3.27,0,0.45,0,9.9,0,5,0
13.8,1,0.49,0,0.67,0,3.0,0,0.093,0,6.0,0,15.0,0,0.9986,0,3.02,0,0.93,0,12.0,0,6,0
8.2,0,0.24,0,0.34,0,5.1,1,0.062,0,8.0,0,22.0,0,0.9974,0,3.22,0,0.94,0,10.9,0,6,0
7.8,0,0.54,0,0.26,0,2.0,0,0.088,0,23.0,0,48.0,0,0.9981,0,3.41,0,0.74,0,9.2,0,6,0
7.7,0,0.58,0,0.01,0,1.8,0,0.088,0,12.0,0,18.0,0,0.99568,0,3.32,0,0.56,0,10.5,0,7,0
7.2,0,0.63,0,0.03,0,2.2,0,0.08,0,17.0,0,88.0,0,0.99745,0,3.53,0,0.58,0,9.8,0,6,0
7.8,0,0.57,0,0.09,0,2.3,0,0.065,0,34.0,0,45.0,0,0.99417,0,3.46,0,0.74,0,12.7,0,8,1
7.5,0,0.38,0,0.57,0,2.3,0,0.106,0,5.0,0,12.0,0,0.99605,0,3.36,0,0.55,0,11.4,0,6,0
9.6,0,0.68,0,0.24,0,2.2,0,0.087,0,5.0,0,28.0,0,0.9988,0,3.14,0,0.6,0,10.2,0,5,0
5.0,0,0.4,0,0.5,0,4.3,1,0.046,0,29.0,0,80.0,0,0.9902,1,3.49,0,0.66,0,13.6,1,6,0
15.9,1,0.36,0,0.65,0,7.5,1,0.096,0,22.0,0,71.0,0,0.9976,0,2.98,0,0.84,0,14.9,1,5,0
8.0,0,0.42,0,0.17,0,2.0,0,0.073,0,6.0,0,18.0,0,0.9972,0,3.29,0,0.61,0,9.2,0,6,0
5.7,0,1.13,1,0.09,0,1.5,0,0.172,1,7.0,0,19.0,0,0.994,0,3.5,0,0.48,0,9.8,0,4,0
8.0,0,0.43,0,0.36,0,2.3,0,0.075,0,10.0,0,48.0,0,0.9976,0,3.34,0,0.46,0,9.4,0,5,0
7.9,0,0.52,0,0.26,0,1.9,0,0.079,0,42.0,0,140.0,1,0.9964,0,3.23,0,0.54,0,9.5,0,5,0
6.5,0,0.63,0,0.33,0,1.8,0,0.059,0,16.0,0,28.0,0,0.99531,0,3.36,0,0.64,0,10.1,0,6,0
8.8,0,0.31,0,0.4,0,2.8,0,0.109,0,7.0,0,16.0,0,0.99614,0,3.31,0,0.79,0,11.8,0,7,0
7.5,0,0.77,0,0.2,0,8.1,1,0.098,0,30.0,0,92.0,0,0.99892,0,3.2,0,0.58,0,9.2,0,5,0
6.8,0,0.48,0,0.08,0,1.8,0,0.074,0,40.0,0,64.0,0,0.99529,0,3.12,0,0.49,0,9.6,0,5,0
7.2,0,0.695,0,0.13,0,2.0,0,0.076,0,12.0,0,20.0,0,0.99546,0,3.29,0,0.54,0,10.1,0,5,0
8.7,0,0.69,0,0.31,0,3.0,0,0.086,0,23.0,0,81.0,0,1.0002,0,3.48,0,0.74,0,11.6,0,6,0
12.4,1,0.49,0,0.58,0,3.0,0,0.103,0,28.0,0,99.0,0,1.0008,0,3.16,0,1.0,1,11.5,0,6,0
7.1,0,0.71,0,0.0,0,1.9,0,0.08,0,14.0,0,35.0,0,0.9972,0,3.47,0,0.55,0,9.4,0,5,0
7.6,0,0.42,0,0.25,0,3.9,1,0.104,0,28.0,0,90.0,0,0.99784,0,3.15,0,0.57,0,9.1,0,5,0
6.6,0,0.58,0,0.02,0,2.0,0,0.062,0,37.0,0,53.0,0,0.99374,0,3.35,0,0.76,0,11.6,0,7,0
10.2,0,0.44,0,0.42,0,2.0,0,0.071,0,7.0,0,20.0,0,0.99566,0,3.14,0,0.79,0,11.1,0,7,0
7.5,0,0.705,0,0.24,0,1.8,0,0.36,1,15.0,0,63.0,0,0.9964,0,3.0,0,1.59,1,9.5,0,5,0
10.0,0,0.46,0,0.44,0,2.9,0,0.065,0,4.0,0,8.0,0,0.99674,0,3.33,0,0.62,0,12.2,0,6,0
9.2,0,0.41,0,0.5,0,2.5,0,0.055,0,12.0,0,25.0,0,0.9952,0,3.34,0,0.79,0,13.3,1,7,0
10.2,0,0.34,0,0.48,0,2.1,0,0.052,0,5.0,0,9.0,0,0.99458,0,3.2,0,0.69,0,12.1,0,7,0
8.1,0,0.82,0,0.0,0,4.1,1,0.095,0,5.0,0,14.0,0,0.99854,0,3.36,0,0.53,0,9.6,0,5,0
7.3,0,0.73,0,0.24,0,1.9,0,0.108,0,18.0,0,102.0,0,0.9967,0,3.26,0,0.59,0,9.3,0,5,0
8.3,0,0.65,0,0.1,0,2.9,0,0.089,0,17.0,0,40.0,0,0.99803,0,3.29,0,0.55,0,9.5,0,5,0
12.0,0,0.5,0,0.59,0,1.4,0,0.073,0,23.0,0,42.0,0,0.998,0,2.92,1,0.68,0,10.5,0,7,0
8.2,0,1.0,0,0.09,0,2.3,0,0.065,0,7.0,0,37.0,0,0.99685,0,3.32,0,0.55,0,9.0,0,6,0
7.3,0,0.835,0,0.03,0,2.1,0,0.092,0,10.0,0,19.0,0,0.9966,0,3.39,0,0.47,0,9.6,0,5,0
9.7,0,0.42,0,0.46,0,2.1,0,0.074,0,5.0,0,16.0,0,0.99649,0,3.27,0,0.74,0,12.3,0,6,0
7.5,0,0.61,0,0.26,0,1.9,0,0.073,0,24.0,0,88.0,0,0.99612,0,3.3,0,0.53,0,9.8,0,5,0
6.6,0,0.61,0,0.01,0,1.9,0,0.08,0,8.0,0,25.0,0,0.99746,0,3.69,1,0.73,0,10.5,0,5,0
8.0,0,0.33,0,0.53,0,2.5,0,0.091,0,18.0,0,80.0,0,0.9976,0,3.37,0,0.8,0,9.6,0,6,0
9.8,0,0.5,0,0.49,0,2.6,0,0.25,1,5.0,0,20.0,0,0.999,0,3.31,0,0.79,0,10.7,0,6,0
7.2,0,0.34,0,0.24,0,2.0,0,0.071,0,30.0,0,52.0,0,0.99576,0,3.44,0,0.58,0,10.1,0,5,0
8.3,0,0.28,0,0.48,0,2.1,0,0.093,0,6.0,0,12.0,0,0.99408,0,3.26,0,0.62,0,12.4,0,7,0
9.3,0,0.49,0,0.36,0,1.7,0,0.081,0,3.0,0,14.0,0,0.99702,0,3.27,0,0.78,0,10.9,0,6,0
9.1,0,0.25,0,0.34,0,2.0,0,0.071,0,45.0,1,67.0,0,0.99769,0,3.44,0,0.86,0,10.2,0,7,0
8.8,0,0.61,0,0.19,0,4.0,1,0.094,0,30.0,0,69.0,0,0.99787,0,3.22,0,0.5,0,10.0,0,6,0
8.2,0,0.44,0,0.24,0,2.3,0,0.063,0,10.0,0,28.0,0,0.99613,0,3.25,0,0.53,0,10.2,0,6,0
9.3,0,0.43,0,0.44,0,1.9,0,0.085,0,9.0,0,22.0,0,0.99708,0,3.28,0,0.55,0,9.5,0,5,0
7.7,0,0.56,0,0.2,0,2.0,0,0.075,0,9.0,0,39.0,0,0.9987,0,3.48,0,0.62,0,9.3,0,5,0
7.6,0,0.46,0,0.11,0,2.6,0,0.079,0,12.0,0,49.0,0,0.9968,0,3.21,0,0.57,0,10.0,0,5,0
7.0,0,0.23,0,0.4,0,1.6,0,0.063,0,21.0,0,67.0,0,0.9952,0,3.5,0,0.63,0,11.1,0,5,0
12.5,1,0.56,0,0.49,0,2.4,0,0.064,0,5.0,0,27.0,0,0.9999,0,3.08,0,0.87,0,10.9,0,5,0
8.8,0,0.41,0,0.64,0,2.2,0,0.093,0,9.0,0,42.0,0,0.9986,0,3.54,0,0.66,0,10.5,0,5,0
5.3,0,0.57,0,0.01,0,1.7,0,0.054,0,5.0,0,27.0,0,0.9934,0,3.57,0,0.84,0,12.5,0,7,0
12.0,0,0.37,0,0.76,0,4.2,1,0.066,0,7.0,0,38.0,0,1.0004,0,3.22,0,0.6,0,13.0,0,7,0
7.3,0,0.38,0,0.21,0,2.0,0,0.08,0,7.0,0,35.0,0,0.9961,0,3.33,0,0.47,0,9.5,0,5,0
8.9,0,0.5,0,0.21,0,2.2,0,0.088,0,21.0,0,39.0,0,0.99692,0,3.33,0,0.83,0,11.1,0,6,0
8.0,0,0.52,0,0.25,0,2.0,0,0.078,0,19.0,0,59.0,0,0.99612,0,3.3,0,0.48,0,10.2,0,5,0
7.0,0,0.69,0,0.07,0,2.5,0,0.091,0,15.0,0,21.0,0,0.99572,0,3.38,0,0.6,0,11.3,0,6,0
10.2,0,0.41,0,0.43,0,2.2,0,0.11,0,11.0,0,37.0,0,0.99728,0,3.16,0,0.67,0,10.8,0,5,0
8.9,0,0.595,0,0.41,0,7.9,1,0.086,0,30.0,0,109.0,0,0.9998,0,3.27,0,0.57,0,9.3,0,5,0
7.7,0,0.69,0,0.49,0,1.8,0,0.115,0,20.0,0,112.0,0,0.9968,0,3.21,0,0.71,0,9.3,0,5,0
7.3,0,0.35,0,0.24,0,2.0,0,0.067,0,28.0,0,48.0,0,0.99576,0,3.43,0,0.54,0,10.0,0,4,0
9.1,0,0.4,0,0.57,0,4.6,1,0.08,0,6.0,0,20.0,0,0.99652,0,3.28,0,0.57,0,12.5,0,6,0
6.9,0,0.74,0,0.03,0,2.3,0,0.054,0,7.0,0,16.0,0,0.99508,0,3.45,0,0.63,0,11.5,0,6,0
10.3,0,0.32,0,0.45,0,6.4,1,0.073,0,5.0,0,13.0,0,0.9976,0,3.23,0,0.82,0,12.6,0,8,1
7.8,0,0.6,0,0.14,0,2.4,0,0.086,0,3.0,0,15.0,0,0.9975,0,3.42,0,0.6,0,10.8,0,6,0
7.2,0,0.57,0,0.06,0,1.6,0,0.076,0,9.0,0,27.0,0,0.9972,0,3.36,0,0.7,0,9.6,0,6,0
6.9,0,0.63,0,0.02,0,1.9,0,0.078,0,18.0,0,30.0,0,0.99712,0,3.4,0,0.75,0,9.8,0,5,0
6.8,0,0.68,0,0.21,0,2.1,0,0.07,0,9.0,0,23.0,0,0.99546,0,3.38,0,0.6,0,10.3,0,5,0
8.4,0,0.59,0,0.29,0,2.6,0,0.109,0,31.0,0,119.0,0,0.99801,0,3.15,0,0.5,0,9.1,0,5,0
9.0,0,0.46,0,0.23,0,2.8,0,0.092,0,28.0,0,104.0,0,0.9983,0,3.1,0,0.56,0,9.2,0,5,0
6.4,0,0.37,0,0.25,0,1.9,0,0.074,0,21.0,0,49.0,0,0.9974,0,3.57,0,0.62,0,9.8,0,6,0
8.4,0,0.62,0,0.12,0,1.8,0,0.072,0,38.0,0,46.0,0,0.99504,0,3.38,0,0.89,0,11.8,0,6,0
8.9,0,0.59,0,0.39,0,2.3,0,0.095,0,5.0,0,22.0,0,0.9986,0,3.37,0,0.58,0,10.3,0,5,0
9.3,0,0.41,0,0.39,0,2.2,0,0.064,0,12.0,0,31.0,0,0.9984,0,3.26,0,0.65,0,10.2,0,5,0
9.0,0,0.58,0,0.25,0,2.8,0,0.075,0,9.0,0,104.0,0,0.99779,0,3.23,0,0.57,0,9.7,0,5,0
6.9,0,0.58,0,0.2,0,1.75,0,0.058,0,8.0,0,22.0,0,0.99322,0,3.38,0,0.49,0,11.7,0,5,0
6.4,0,0.57,0,0.02,0,1.8,0,0.067,0,4.0,0,11.0,0,0.997,0,3.46,0,0.68,0,9.5,0,5,0
7.1,0,0.735,0,0.16,0,1.9,0,0.1,0,15.0,0,77.0,0,0.9966,0,3.27,0,0.64,0,9.3,0,5,0
8.0,0,0.31,0,0.45,0,2.1,0,0.216,1,5.0,0,16.0,0,0.99358,0,3.15,0,0.81,0,12.5,0,7,0
7.1,0,0.46,0,0.14,0,2.8,0,0.076,0,15.0,0,37.0,0,0.99624,0,3.36,0,0.49,0,10.7,0,5,0
9.6,0,0.6,0,0.5,0,2.3,0,0.079,0,28.0,0,71.0,0,0.9997,0,3.5,0,0.57,0,9.7,0,5,0
7.8,0,0.56,0,0.19,0,1.8,0,0.104,0,12.0,0,47.0,0,0.9964,0,3.19,0,0.93,0,9.5,0,5,0
7.0,0,0.58,0,0.12,0,1.9,0,0.091,0,34.0,0,124.0,0,0.9956,0,3.44,0,0.48,0,10.5,0,5,0
6.9,0,0.48,0,0.2,0,1.9,0,0.082,0,9.0,0,23.0,0,0.99585,0,3.39,0,0.43,0,9.05,0,4,0
6.7,0,0.56,0,0.09,0,2.9,0,0.079,0,7.0,0,22.0,0,0.99669,0,3.46,0,0.61,0,10.2,0,5,0
8.3,0,0.58,0,0.13,0,2.9,0,0.096,0,14.0,0,63.0,0,0.9984,0,3.17,0,0.62,0,9.1,0,6,0
7.1,0,0.53,0,0.07,0,1.7,0,0.071,0,15.0,0,24.0,0,0.9951,0,3.29,0,0.66,0,10.8,0,6,0
7.0,0,0.62,0,0.08,0,1.8,0,0.076,0,8.0,0,24.0,0,0.9978,0,3.48,0,0.53,0,9.0,0,5,0
6.4,0,0.64,0,0.21,0,1.8,0,0.081,0,14.0,0,31.0,0,0.99689,0,3.59,0,0.66,0,9.8,0,5,0
8.2,0,0.34,0,0.37,0,1.9,0,0.057,0,43.0,1,74.0,0,0.99408,0,3.23,0,0.81,0,12.0,0,6,0
6.8,0,0.47,0,0.08,0,2.2,0,0.064,0,18.0,0,38.0,0,0.99553,0,3.3,0,0.65,0,9.6,0,6,0
8.3,0,0.65,0,0.1,0,2.9,0,0.089,0,17.0,0,40.0,0,0.99803,0,3.29,0,0.55,0,9.5,0,5,0
10.7,0,0.35,0,0.53,0,2.6,0,0.07,0,5.0,0,16.0,0,0.9972,0,3.15,0,0.65,0,11.0,0,8,1
7.5,0,0.5,0,0.36,0,6.1,1,0.071,0,17.0,0,102.0,0,0.9978,0,3.35,0,0.8,0,10.5,0,5,0
6.6,0,0.735,0,0.02,0,7.9,1,0.122,1,68.0,1,124.0,0,0.9994,0,3.47,0,0.53,0,9.9,0,5,0
9.9,0,0.59,0,0.07,0,3.4,0,0.102,0,32.0,0,71.0,0,1.00015,0,3.31,0,0.71,0,9.8,0,5,0
6.6,0,0.52,0,0.08,0,2.4,0,0.07,0,13.0,0,26.0,0,0.99358,0,3.4,0,0.72,0,12.5,0,7,0
7.4,0,1.185,1,0.0,0,4.25,1,0.097,0,5.0,0,14.0,0,0.9966,0,3.63,0,0.54,0,10.7,0,3,1
9.7,0,0.69,0,0.32,0,2.5,0,0.088,0,22.0,0,91.0,0,0.9979,0,3.29,0,0.62,0,10.1,0,5,0
6.4,0,0.31,0,0.09,0,1.4,0,0.066,0,15.0,0,28.0,0,0.99459,0,3.42,0,0.7,0,10.0,0,7,0
8.1,0,0.38,0,0.48,0,1.8,0,0.157,1,5.0,0,17.0,0,0.9976,0,3.3,0,1.05,1,9.4,0,5,0
9.3,0,0.43,0,0.44,0,1.9,0,0.085,0,9.0,0,22.0,0,0.99708,0,3.28,0,0.55,0,9.5,0,5,0
6.8,0,0.6,0,0.18,0,1.9,0,0.079,0,18.0,0,86.0,0,0.9968,0,3.59,0,0.57,0,9.3,0,6,0
7.1,0,0.59,0,0.01,0,2.3,0,0.08,0,27.0,0,43.0,0,0.9955,0,3.42,0,0.58,0,10.7,0,6,0
7.4,0,0.785,0,0.19,0,5.2,1,0.094,0,19.0,0,98.0,0,0.99713,0,3.16,0,0.52,0,9.6,0,6,0
6.6,0,0.695,0,0.0,0,2.1,0,0.075,0,12.0,0,56.0,0,0.9968,0,3.49,0,0.67,0,9.2,0,5,0
11.9,0,0.695,0,0.53,0,3.4,0,0.128,1,7.0,0,21.0,0,0.9992,0,3.17,0,0.84,0,12.2,0,7,0
6.6,0,0.895,0,0.04,0,2.3,0,0.068,0,7.0,0,13.0,0,0.99582,0,3.53,0,0.58,0,10.8,0,6,0
8.9,0,0.5,0,0.21,0,2.2,0,0.088,0,21.0,0,39.0,0,0.99692,0,3.33,0,0.83,0,11.1,0,6,0
8.5,0,0.655,0,0.49,0,6.1,1,0.122,1,34.0,0,151.0,1,1.001,0,3.31,0,1.14,1,9.3,0,5,0
10.5,0,0.39,0,0.46,0,2.2,0,0.075,0,14.0,0,27.0,0,0.99598,0,3.06,0,0.84,0,11.4,0,6,0
7.1,0,0.59,0,0.02,0,2.3,0,0.082,0,24.0,0,94.0,0,0.99744,0,3.55,0,0.53,0,9.7,0,6,0
7.2,0,0.67,0,0.0,0,2.2,0,0.068,0,10.0,0,24.0,0,0.9956,0,3.42,0,0.72,0,11.1,0,6,0
9.3,0,0.655,0,0.26,0,2.0,0,0.096,0,5.0,0,35.0,0,0.99738,0,3.25,0,0.42,0,9.6,0,5,0
9.2,0,0.36,0,0.34,0,1.6,0,0.062,0,5.0,0,12.0,0,0.99667,0,3.2,0,0.67,0,10.5,0,6,0
6.7,0,0.32,0,0.44,0,2.4,0,0.061,0,24.0,0,34.0,0,0.99484,0,3.29,0,0.8,0,11.6,0,7,0
7.6,0,0.41,0,0.49,0,2.0,0,0.088,0,16.0,0,43.0,0,0.998,0,3.48,0,0.64,0,9.1,0,5,0
7.9,0,0.43,0,0.21,0,1.6,0,0.106,0,10.0,0,37.0,0,0.9966,0,3.17,0,0.91,0,9.5,0,5,0
11.5,0,0.41,0,0.52,0,3.0,0,0.08,0,29.0,0,55.0,0,1.0001,0,3.26,0,0.88,0,11.0,0,5,0
7.6,0,0.645,0,0.03,0,1.9,0,0.086,0,14.0,0,57.0,0,0.9969,0,3.37,0,0.46,0,10.3,0,5,0
12.2,0,0.34,0,0.5,0,2.4,0,0.066,0,10.0,0,21.0,0,1.0,0,3.12,0,1.18,1,9.2,0,6,0
7.8,0,0.55,0,0.35,0,2.2,0,0.074,0,21.0,0,66.0,0,0.9974,0,3.25,0,0.56,0,9.2,0,5,0
9.9,0,0.35,0,0.55,0,2.1,0,0.062,0,5.0,0,14.0,0,0.9971,0,3.26,0,0.79,0,10.6,0,5,0
8.1,0,0.725,0,0.22,0,2.2,0,0.072,0,11.0,0,41.0,0,0.9967,0,3.36,0,0.55,0,9.1,0,5,0
9.1,0,0.28,0,0.46,0,9.0,1,0.114,0,3.0,0,9.0,0,0.99901,0,3.18,0,0.6,0,10.9,0,6,0
7.1,0,0.46,0,0.2,0,1.9,0,0.077,0,28.0,0,54.0,0,0.9956,0,3.37,0,0.64,0,10.4,0,6,0
8.9,0,0.32,0,0.31,0,2.0,0,0.088,0,12.0,0,19.0,0,0.9957,0,3.17,0,0.55,0,10.4,0,6,0
7.0,0,0.56,0,0.17,0,1.7,0,0.065,0,15.0,0,24.0,0,0.99514,0,3.44,0,0.68,0,10.55,0,7,0
7.7,0,0.49,0,0.26,0,1.9,0,0.062,0,9.0,0,31.0,0,0.9966,0,3.39,0,0.64,0,9.6,0,5,0
8.9,0,0.35,0,0.4,0,3.6,0,0.11,0,12.0,0,24.0,0,0.99549,0,3.23,0,0.7,0,12.0,0,7,0
9.3,0,0.33,0,0.45,0,1.5,0,0.057,0,19.0,0,37.0,0,0.99498,0,3.18,0,0.89,0,11.1,0,7,0
7.0,0,0.54,0,0.09,0,2.0,0,0.081,0,10.0,0,16.0,0,0.99479,0,3.43,0,0.59,0,11.5,0,6,0
7.0,0,0.65,0,0.02,0,2.1,0,0.066,0,8.0,0,25.0,0,0.9972,0,3.47,0,0.67,0,9.5,0,6,0
7.6,0,0.43,0,0.31,0,2.1,0,0.069,0,13.0,0,74.0,0,0.9958,0,3.26,0,0.54,0,9.9,0,6,0
5.6,0,0.66,0,0.0,0,2.2,0,0.087,0,3.0,0,11.0,0,0.99378,0,3.71,1,0.63,0,12.8,0,7,0
7.5,0,0.6,0,0.03,0,1.8,0,0.095,0,25.0,0,99.0,0,0.995,0,3.35,0,0.54,0,10.1,0,5,0
8.6,0,0.52,0,0.38,0,1.5,0,0.096,0,5.0,0,18.0,0,0.99666,0,3.2,0,0.52,0,9.4,0,5,0
6.6,0,0.96,0,0.0,0,1.8,0,0.082,0,5.0,0,16.0,0,0.9936,0,3.5,0,0.44,0,11.9,0,6,0
6.3,0,0.51,0,0.13,0,2.3,0,0.076,0,29.0,0,40.0,0,0.99574,0,3.42,0,0.75,0,11.0,0,6,0
8.6,0,0.63,0,0.17,0,2.9,0,0.099,0,21.0,0,119.0,0,0.998,0,3.09,0,0.52,0,9.3,0,5,0
12.3,0,0.5,0,0.49,0,2.2,0,0.089,0,5.0,0,14.0,0,1.0002,0,3.19,0,0.44,0,9.6,0,5,0
7.5,0,0.38,0,0.48,0,2.6,0,0.073,0,22.0,0,84.0,0,0.9972,0,3.32,0,0.7,0,9.6,0,4,0
7.5,0,0.51,0,0.02,0,1.7,0,0.084,0,13.0,0,31.0,0,0.99538,0,3.36,0,0.54,0,10.5,0,6,0
10.2,0,0.645,0,0.36,0,1.8,0,0.053,0,5.0,0,14.0,0,0.9982,0,3.17,0,0.42,0,10.0,0,6,0
13.0,1,0.47,0,0.49,0,4.3,1,0.085,0,6.0,0,47.0,0,1.0021,1,3.3,0,0.68,0,12.7,0,6,0
8.2,0,0.38,0,0.32,0,2.5,0,0.08,0,24.0,0,71.0,0,0.99624,0,3.27,0,0.85,0,11.0,0,6,0
5.6,0,0.66,0,0.0,0,2.5,0,0.066,0,7.0,0,15.0,0,0.99256,0,3.52,0,0.58,0,12.9,0,5,0
8.6,0,0.55,0,0.09,0,3.3,0,0.068,0,8.0,0,17.0,0,0.99735,0,3.23,0,0.44,0,10.0,0,5,0
10.7,0,0.4,0,0.48,0,2.1,0,0.125,1,15.0,0,49.0,0,0.998,0,3.03,0,0.81,0,9.7,0,6,0
10.1,0,0.935,0,0.22,0,3.4,0,0.105,0,11.0,0,86.0,0,1.001,0,3.43,0,0.64,0,11.3,0,4,0
8.2,0,0.35,0,0.33,0,2.4,0,0.076,0,11.0,0,47.0,0,0.99599,0,3.27,0,0.81,0,11.0,0,6,0
7.6,0,0.41,0,0.33,0,2.5,0,0.078,0,6.0,0,23.0,0,0.9957,0,3.3,0,0.58,0,11.2,0,5,0
8.2,0,0.33,0,0.32,0,2.8,0,0.067,0,4.0,0,12.0,0,0.99473,0,3.3,0,0.76,0,12.8,0,7,0
7.4,0,0.37,0,0.43,0,2.6,0,0.082,0,18.0,0,82.0,0,0.99708,0,3.33,0,0.68,0,9.7,0,6,0
8.3,0,0.54,0,0.28,0,1.9,0,0.077,0,11.0,0,40.0,0,0.9978,0,3.39,0,0.61,0,10.0,0,6,0
8.3,0,0.76,0,0.29,0,4.2,1,0.075,0,12.0,0,16.0,0,0.9965,0,3.45,0,0.68,0,11.5,0,6,0
7.9,0,0.3,0,0.68,0,8.3,1,0.05,0,37.5,0,289.0,1,0.99316,0,3.01,0,0.51,0,12.3,0,7,0
7.5,0,0.685,0,0.07,0,2.5,0,0.058,0,5.0,0,9.0,0,0.99632,0,3.38,0,0.55,0,10.9,0,4,0
7.0,0,0.69,0,0.08,0,1.8,0,0.097,0,22.0,0,89.0,0,0.9959,0,3.34,0,0.54,0,9.2,0,6,0
10.7,0,0.43,0,0.39,0,2.2,0,0.106,0,8.0,0,32.0,0,0.9986,0,2.89,1,0.5,0,9.6,0,5,0
7.4,0,0.47,0,0.46,0,2.2,0,0.114,0,7.0,0,20.0,0,0.99647,0,3.32,0,0.63,0,10.5,0,5,0
8.7,0,0.84,0,0.0,0,1.4,0,0.065,0,24.0,0,33.0,0,0.9954,0,3.27,0,0.55,0,9.7,0,5,0
9.4,0,0.27,0,0.53,0,2.4,0,0.074,0,6.0,0,18.0,0,0.9962,0,3.2,0,1.13,1,12.0,0,7,0
6.9,0,0.54,0,0.04,0,3.0,0,0.077,0,7.0,0,27.0,0,0.9987,0,3.69,1,0.91,0,9.4,0,6,0
9.7,0,0.55,0,0.17,0,2.9,0,0.087,0,20.0,0,53.0,0,1.0004,0,3.14,0,0.61,0,9.4,0,5,0
8.8,0,0.3,0,0.38,0,2.3,0,0.06,0,19.0,0,72.0,0,0.99543,0,3.39,0,0.72,0,11.8,0,6,0
6.7,0,0.54,0,0.13,0,2.0,0,0.076,0,15.0,0,36.0,0,0.9973,0,3.61,0,0.64,0,9.8,0,5,0
6.8,0,0.49,0,0.22,0,2.3,0,0.071,0,13.0,0,24.0,0,0.99438,0,3.41,0,0.83,0,11.3,0,6,0
7.7,0,0.935,0,0.43,0,2.2,0,0.114,0,22.0,0,114.0,0,0.997,0,3.25,0,0.73,0,9.2,0,5,0
7.7,0,0.75,0,0.27,0,3.8,1,0.11,0,34.0,0,89.0,0,0.99664,0,3.24,0,0.45,0,9.3,0,5,0
7.1,0,0.34,0,0.28,0,2.0,0,0.082,0,31.0,0,68.0,0,0.99694,0,3.45,0,0.48,0,9.4,0,5,0
7.1,0,0.47,0,0.0,0,2.2,0,0.067,0,7.0,0,14.0,0,0.99517,0,3.4,0,0.58,0,10.9,0,4,0
7.9,0,0.4,0,0.29,0,1.8,0,0.157,1,1.0,0,44.0,0,0.9973,0,3.3,0,0.92,0,9.5,0,6,0
6.0,0,0.31,0,0.47,0,3.6,0,0.067,0,18.0,0,42.0,0,0.99549,0,3.39,0,0.66,0,11.0,0,6,0
7.4,0,0.7,0,0.0,0,1.9,0,0.076,0,11.0,0,34.0,0,0.9978,0,3.51,0,0.56,0,9.4,0,5,0
6.8,0,0.36,0,0.32,0,1.8,0,0.067,0,4.0,0,8.0,0,0.9928,0,3.36,0,0.55,0,12.8,0,7,0
7.1,0,0.755,0,0.15,0,1.8,0,0.107,0,20.0,0,84.0,0,0.99593,0,3.19,0,0.5,0,9.5,0,5,0
7.9,0,0.37,0,0.23,0,1.8,0,0.077,0,23.0,0,49.0,0,0.9963,0,3.28,0,0.67,0,9.3,0,5,0
6.8,0,0.64,0,0.0,0,2.7,0,0.123,1,15.0,0,33.0,0,0.99538,0,3.44,0,0.63,0,11.3,0,6,0
6.4,0,0.42,0,0.09,0,2.3,0,0.054,0,34.0,0,64.0,0,0.99724,0,3.41,0,0.68,0,10.4,0,6,0
10.0,0,0.44,0,0.49,0,2.7,0,0.077,0,11.0,0,19.0,0,0.9963,0,3.23,0,0.63,0,11.6,0,7,0
9.1,0,0.29,0,0.33,0,2.05,0,0.063,0,13.0,0,27.0,0,0.99516,0,3.26,0,0.84,0,11.7,0,7,0
8.6,0,0.37,0,0.65,0,6.4,1,0.08,0,3.0,0,8.0,0,0.99817,0,3.27,0,0.58,0,11.0,0,5,0
6.7,0,0.28,0,0.28,0,2.4,0,0.012,1,36.0,0,100.0,0,0.99064,1,3.26,0,0.39,0,11.7,0,7,0
7.9,0,0.18,0,0.4,0,2.2,0,0.049,0,38.0,0,67.0,0,0.996,0,3.33,0,0.93,0,11.3,0,5,0
8.4,0,0.65,0,0.6,0,2.1,0,0.112,0,12.0,0,90.0,0,0.9973,0,3.2,0,0.52,0,9.2,0,5,0
7.4,0,0.64,0,0.07,0,1.8,0,0.1,0,8.0,0,23.0,0,0.9961,0,3.3,0,0.58,0,9.6,0,5,0
8.6,0,0.47,0,0.3,0,3.0,0,0.076,0,30.0,0,135.0,1,0.9976,0,3.3,0,0.53,0,9.4,0,5,0
8.2,0,0.4,0,0.44,0,2.8,0,0.089,0,11.0,0,43.0,0,0.9975,0,3.53,0,0.61,0,10.5,0,6,0
7.8,0,0.39,0,0.42,0,2.0,0,0.086,0,9.0,0,21.0,0,0.99526,0,3.39,0,0.66,0,11.6,0,6,0
9.6,0,0.38,0,0.42,0,1.9,0,0.071,0,5.0,0,13.0,0,0.99659,0,3.15,0,0.75,0,10.5,0,6,0
10.6,0,0.34,0,0.49,0,3.2,0,0.078,0,20.0,0,78.0,0,0.9992,0,3.19,0,0.7,0,10.0,0,6,0
8.8,0,0.66,0,0.26,0,1.7,0,0.074,0,4.0,0,23.0,0,0.9971,0,3.15,0,0.74,0,9.2,0,5,0
7.4,0,0.55,0,0.19,0,1.8,0,0.082,0,15.0,0,34.0,0,0.99655,0,3.49,0,0.68,0,10.5,0,5,0
8.1,0,0.72,0,0.09,0,2.8,0,0.084,0,18.0,0,49.0,0,0.9994,0,3.43,0,0.72,0,11.1,0,6,0
11.6,0,0.47,0,0.44,0,1.6,0,0.147,1,36.0,0,51.0,0,0.99836,0,3.38,0,0.86,0,9.9,0,4,0
7.0,0,0.69,0,0.07,0,2.5,0,0.091,0,15.0,0,21.0,0,0.99572,0,3.38,0,0.6,0,11.3,0,6,0
9.9,0,0.54,0,0.26,0,2.0,0,0.111,0,7.0,0,60.0,0,0.99709,0,2.94,1,0.98,0,10.2,0,5,0
13.0,1,0.32,0,0.65,0,2.6,0,0.093,0,15.0,0,47.0,0,0.9996,0,3.05,0,0.61,0,10.6,0,5,0
10.4,0,0.26,0,0.48,0,1.9,0,0.066,0,6.0,0,10.0,0,0.99724,0,3.33,0,0.87,0,10.9,0,6,0
9.4,0,0.33,0,0.59,0,2.8,0,0.079,0,9.0,0,30.0,0,0.9976,0,3.12,0,0.54,0,12.0,0,6,0
8.7,0,0.765,0,0.22,0,2.3,0,0.064,0,9.0,0,42.0,0,0.9963,0,3.1,0,0.55,0,9.4,0,5,0
10.0,0,0.59,0,0.31,0,2.2,0,0.09,0,26.0,0,62.0,0,0.9994,0,3.18,0,0.63,0,10.2,0,6,0
9.8,0,0.66,0,0.39,0,3.2,0,0.083,0,21.0,0,59.0,0,0.9989,0,3.37,0,0.71,0,11.5,0,7,0
7.9,0,0.32,0,0.51,0,1.8,0,0.341,1,17.0,0,56.0,0,0.9969,0,3.04,0,1.08,1,9.2,0,6,0
9.8,0,0.98,0,0.32,0,2.3,0,0.078,0,35.0,0,152.0,1,0.998,0,3.25,0,0.48,0,9.4,0,5,0
7.8,0,0.645,0,0.0,0,5.5,1,0.086,0,5.0,0,18.0,0,0.9986,0,3.4,0,0.55,0,9.6,0,6,0
7.4,0,0.635,0,0.1,0,2.4,0,0.08,0,16.0,0,33.0,0,0.99736,0,3.58,0,0.69,0,10.8,0,7,0
7.1,0,0.46,0,0.14,0,2.8,0,0.076,0,15.0,0,37.0,0,0.99624,0,3.36,0,0.49,0,10.7,0,5,0
10.2,0,0.54,0,0.37,0,15.4,1,0.214,1,55.0,1,95.0,0,1.00369,1,3.18,0,0.77,0,9.0,0,6,0
12.0,0,0.39,0,0.66,0,3.0,0,0.093,0,12.0,0,30.0,0,0.9996,0,3.18,0,0.63,0,10.8,0,7,0
9.6,0,0.41,0,0.37,0,2.3,0,0.091,0,10.0,0,23.0,0,0.99786,0,3.24,0,0.56,0,10.5,0,5,0
8.1,0,0.825,0,0.24,0,2.1,0,0.084,0,5.0,0,13.0,0,0.9972,0,3.37,0,0.77,0,10.7,0,6,0
8.1,0,0.87,0,0.0,0,2.2,0,0.084,0,10.0,0,31.0,0,0.99656,0,3.25,0,0.5,0,9.8,0,5,0
8.0,0,0.38,0,0.44,0,1.9,0,0.098,0,6.0,0,15.0,0,0.9956,0,3.3,0,0.64,0,11.4,0,6,0
7.9,0,0.58,0,0.23,0,2.3,0,0.076,0,23.0,0,94.0,0,0.99686,0,3.21,0,0.58,0,9.5,0,6,0
7.3,0,0.66,0,0.0,0,2.0,0,0.084,0,6.0,0,23.0,0,0.9983,0,3.61,0,0.96,0,9.9,0,6,0
6.3,0,0.76,0,0.0,0,2.9,0,0.072,0,26.0,0,52.0,0,0.99379,0,3.51,0,0.6,0,11.5,0,6,0
7.1,0,0.59,0,0.01,0,2.5,0,0.077,0,20.0,0,85.0,0,0.99746,0,3.55,0,0.59,0,9.8,0,5,0
9.3,0,0.39,0,0.4,0,2.6,0,0.073,0,10.0,0,26.0,0,0.9984,0,3.34,0,0.75,0,10.2,0,6,0
7.1,0,0.43,0,0.42,0,5.5,1,0.07,0,29.0,0,129.0,1,0.9973,0,3.42,0,0.72,0,10.5,0,5,0
7.1,0,0.56,0,0.14,0,1.6,0,0.078,0,7.0,0,18.0,0,0.99592,0,3.27,0,0.62,0,9.3,0,5,0
9.3,0,0.36,0,0.39,0,1.5,0,0.08,0,41.0,0,55.0,0,0.99652,0,3.47,0,0.73,0,10.9,0,6,0
6.8,0,0.69,0,0.0,0,5.6,1,0.124,1,21.0,0,58.0,0,0.9997,0,3.46,0,0.72,0,10.2,0,5,0
8.1,0,0.78,0,0.23,0,2.6,0,0.059,0,5.0,0,15.0,0,0.997,0,3.37,0,0.56,0,11.3,0,5,0
6.2,0,0.36,0,0.24,0,2.2,0,0.095,0,19.0,0,42.0,0,0.9946,0,3.57,0,0.57,0,11.7,0,6,0
6.6,0,0.7,0,0.08,0,2.6,0,0.106,0,14.0,0,27.0,0,0.99665,0,3.44,0,0.58,0,10.2,0,5,0
8.1,0,0.56,0,0.28,0,1.7,0,0.368,1,16.0,0,56.0,0,0.9968,0,3.11,0,1.28,1,9.3,0,5,0
8.1,0,1.33,1,0.0,0,1.8,0,0.082,0,3.0,0,12.0,0,0.9964,0,3.54,0,0.48,0,10.9,0,5,0
6.4,0,0.38,0,0.14,0,2.2,0,0.038,1,15.0,0,25.0,0,0.99514,0,3.44,0,0.65,0,11.1,0,6,0
8.4,0,0.67,0,0.19,0,2.2,0,0.093,0,11.0,0,75.0,0,0.99736,0,3.2,0,0.59,0,9.2,0,4,0
9.1,0,0.5,0,0.3,0,1.9,0,0.065,0,8.0,0,17.0,0,0.99774,0,3.32,0,0.71,0,10.5,0,6,0
7.2,0,0.695,0,0.13,0,2.0,0,0.076,0,12.0,0,20.0,0,0.99546,0,3.29,0,0.54,0,10.1,0,5,0
8.2,0,0.5,0,0.35,0,2.9,0,0.077,0,21.0,0,127.0,0,0.9976,0,3.23,0,0.62,0,9.4,0,5,0
8.2,0,0.51,0,0.24,0,2.0,0,0.079,0,16.0,0,86.0,0,0.99764,0,3.34,0,0.64,0,9.5,0,6,0
6.5,0,0.4,0,0.1,0,2.0,0,0.076,0,30.0,0,47.0,0,0.99554,0,3.36,0,0.48,0,9.4,0,6,0
7.8,0,0.6,0,0.26,0,2.0,0,0.08,0,31.0,0,131.0,1,0.99622,0,3.21,0,0.52,0,9.9,0,5,0
7.4,0,0.6,0,0.26,0,2.1,0,0.083,0,17.0,0,91.0,0,0.99616,0,3.29,0,0.56,0,9.8,0,6,0
9.4,0,0.41,0,0.48,0,4.6,1,0.072,0,10.0,0,20.0,0,0.9973,0,3.34,0,0.79,0,12.2,0,7,0
8.8,0,0.61,0,0.14,0,2.4,0,0.067,0,10.0,0,42.0,0,0.9969,0,3.19,0,0.59,0,9.5,0,5,0
11.1,0,0.18,0,0.48,0,1.5,0,0.068,0,7.0,0,15.0,0,0.9973,0,3.22,0,0.64,0,10.1,0,6,0
7.8,0,0.52,0,0.25,0,1.9,0,0.081,0,14.0,0,38.0,0,0.9984,0,3.43,0,0.65,0,9.0,0,6,0
6.8,0,0.815,0,0.0,0,1.2,0,0.267,1,16.0,0,29.0,0,0.99471,0,3.32,0,0.51,0,9.8,0,3,1
6.6,0,0.58,0,0.02,0,2.4,0,0.069,0,19.0,0,40.0,0,0.99387,0,3.38,0,0.66,0,12.6,0,6,0
7.5,0,0.63,0,0.27,0,2.0,0,0.083,0,17.0,0,91.0,0,0.99616,0,3.26,0,0.58,0,9.8,0,6,0
10.4,0,0.61,0,0.49,0,2.1,0,0.2,1,5.0,0,16.0,0,0.9994,0,3.16,0,0.63,0,8.4,0,3,1
8.0,0,0.62,0,0.35,0,2.8,0,0.086,0,28.0,0,52.0,0,0.997,0,3.31,0,0.62,0,10.8,0,5,0
9.3,0,0.27,0,0.41,0,2.0,0,0.091,0,6.0,0,16.0,0,0.998,0,3.28,0,0.7,0,9.7,0,5,0
7.1,0,0.43,0,0.42,0,5.5,1,0.071,0,28.0,0,128.0,1,0.9973,0,3.42,0,0.71,0,10.5,0,5,0
8.3,0,0.56,0,0.22,0,2.4,0,0.082,0,10.0,0,86.0,0,0.9983,0,3.37,0,0.62,0,9.5,0,5,0
6.2,0,0.43,0,0.22,0,1.8,0,0.078,0,21.0,0,56.0,0,0.99633,0,3.52,0,0.6,0,9.5,0,6,0
8.5,0,0.28,0,0.56,0,1.8,0,0.092,0,35.0,0,103.0,0,0.9969,0,3.3,0,0.75,0,10.5,0,7,0
7.2,0,0.35,0,0.26,0,1.8,0,0.083,0,33.0,0,75.0,0,0.9968,0,3.4,0,0.58,0,9.5,0,6,0
5.6,0,0.31,0,0.78,0,13.9,1,0.074,0,23.0,0,92.0,0,0.99677,0,3.39,0,0.48,0,10.5,0,6,0
7.5,0,0.55,0,0.24,0,2.0,0,0.078,0,10.0,0,28.0,0,0.9983,0,3.45,0,0.78,0,9.5,0,6,0
7.2,0,0.52,0,0.07,0,1.4,0,0.074,0,5.0,0,20.0,0,0.9973,0,3.32,0,0.81,0,9.6,0,6,0
8.0,0,0.28,0,0.44,0,1.8,0,0.081,0,28.0,0,68.0,0,0.99501,0,3.36,0,0.66,0,11.2,0,5,0
7.0,0,0.5,0,0.14,0,1.8,0,0.078,0,10.0,0,23.0,0,0.99636,0,3.53,0,0.61,0,10.4,0,5,0
6.0,0,0.5,0,0.0,0,1.4,0,0.057,0,15.0,0,26.0,0,0.99448,0,3.36,0,0.45,0,9.5,0,5,0
8.0,0,0.59,0,0.05,0,2.0,0,0.089,0,12.0,0,32.0,0,0.99735,0,3.36,0,0.61,0,10.0,0,5,0
6.5,0,0.53,0,0.06,0,2.0,0,0.063,0,29.0,0,44.0,0,0.99489,0,3.38,0,0.83,0,10.3,0,6,0
8.9,0,0.4,0,0.32,0,5.6,1,0.087,0,10.0,0,47.0,0,0.9991,0,3.38,0,0.77,0,10.5,0,7,0
9.3,0,0.37,0,0.44,0,1.6,0,0.038,1,21.0,0,42.0,0,0.99526,0,3.24,0,0.81,0,10.8,0,7,0
7.7,0,0.43,0,0.25,0,2.6,0,0.073,0,29.0,0,63.0,0,0.99615,0,3.37,0,0.58,0,10.5,0,6,0
7.6,0,0.41,0,0.24,0,1.8,0,0.08,0,4.0,0,11.0,0,0.9962,0,3.28,0,0.59,0,9.5,0,5,0
11.1,0,0.45,0,0.73,0,3.2,0,0.066,0,6.0,0,22.0,0,0.9986,0,3.17,0,0.66,0,11.2,0,6,0
6.6,0,0.855,0,0.02,0,2.4,0,0.062,0,15.0,0,23.0,0,0.99627,0,3.54,0,0.6,0,11.0,0,6,0
6.9,0,0.52,0,0.25,0,2.6,0,0.081,0,10.0,0,37.0,0,0.99685,0,3.46,0,0.5,0,11.0,0,5,0
8.1,0,0.38,0,0.28,0,2.1,0,0.066,0,13.0,0,30.0,0,0.9968,0,3.23,0,0.73,0,9.7,0,7,0
7.3,0,0.51,0,0.18,0,2.1,0,0.07,0,12.0,0,28.0,0,0.99768,0,3.52,0,0.73,0,9.5,0,6,0
6.9,0,0.44,0,0.0,0,1.4,0,0.07,0,32.0,0,38.0,0,0.99438,0,3.32,0,0.58,0,11.4,0,6,0
8.7,0,0.82,0,0.02,0,1.2,0,0.07,0,36.0,0,48.0,0,0.9952,0,3.2,0,0.58,0,9.8,0,5,0
9.2,0,0.54,0,0.31,0,2.3,0,0.112,0,11.0,0,38.0,0,0.99699,0,3.24,0,0.56,0,10.9,0,5,0
6.4,0,0.36,0,0.53,0,2.2,0,0.23,1,19.0,0,35.0,0,0.9934,0,3.37,0,0.93,0,12.4,0,6,0
9.1,0,0.64,0,0.23,0,3.1,0,0.095,0,13.0,0,38.0,0,0.9998,0,3.28,0,0.59,0,9.7,0,5,0
7.3,0,0.98,0,0.05,0,2.1,0,0.061,0,20.0,0,49.0,0,0.99705,0,3.31,0,0.55,0,9.7,0,3,1
8.9,0,0.29,0,0.35,0,1.9,0,0.067,0,25.0,0,57.0,0,0.997,0,3.18,0,1.36,1,10.3,0,6,0
5.2,0,0.49,0,0.26,0,2.3,0,0.09,0,23.0,0,74.0,0,0.9953,0,3.71,1,0.62,0,12.2,0,6,0
8.2,0,0.4,0,0.31,0,1.9,0,0.082,0,8.0,0,24.0,0,0.996,0,3.24,0,0.69,0,10.6,0,6,0
6.7,0,0.41,0,0.43,0,2.8,0,0.076,0,22.0,0,54.0,0,0.99572,0,3.42,0,1.16,1,10.6,0,6,0
7.4,0,0.6,0,0.26,0,2.1,0,0.083,0,17.0,0,91.0,0,0.99616,0,3.29,0,0.56,0,9.8,0,6,0
5.2,0,0.645,0,0.0,0,2.15,0,0.08,0,15.0,0,28.0,0,0.99444,0,3.78,1,0.61,0,12.5,0,6,0
11.7,0,0.45,0,0.63,0,2.2,0,0.073,0,7.0,0,23.0,0,0.99974,0,3.21,0,0.69,0,10.9,0,6,0
7.2,0,0.61,0,0.08,0,4.0,1,0.082,0,26.0,0,108.0,0,0.99641,0,3.25,0,0.51,0,9.4,0,5,0
7.6,0,0.95,0,0.03,0,2.0,0,0.09,0,7.0,0,20.0,0,0.9959,0,3.2,0,0.56,0,9.6,0,5,0
9.0,0,0.36,0,0.52,0,2.1,0,0.111,0,5.0,0,10.0,0,0.99568,0,3.31,0,0.62,0,11.3,0,6,0
6.6,0,0.8,0,0.03,0,7.8,1,0.079,0,6.0,0,12.0,0,0.9963,0,3.52,0,0.5,0,12.2,0,5,0
4.9,0,0.42,0,0.0,0,2.1,0,0.048,0,16.0,0,42.0,0,0.99154,1,3.71,1,0.74,0,14.0,1,7,0
7.6,0,0.645,0,0.03,0,1.9,0,0.086,0,14.0,0,57.0,0,0.9969,0,3.37,0,0.46,0,10.3,0,5,0
7.7,0,0.715,0,0.01,0,2.1,0,0.064,0,31.0,0,43.0,0,0.99371,0,3.41,0,0.57,0,11.8,0,6,0
9.4,0,0.395,0,0.46,0,4.6,1,0.094,0,3.0,0,10.0,0,0.99639,0,3.27,0,0.64,0,12.2,0,7,0
7.5,0,0.6,0,0.03,0,1.8,0,0.095,0,25.0,0,99.0,0,0.995,0,3.35,0,0.54,0,10.1,0,5,0
6.8,0,0.59,0,0.1,0,1.7,0,0.063,0,34.0,0,53.0,0,0.9958,0,3.41,0,0.67,0,9.7,0,5,0
13.3,1,0.29,0,0.75,0,2.8,0,0.084,0,23.0,0,43.0,0,0.9986,0,3.04,0,0.68,0,11.4,0,7,0
8.0,0,0.25,0,0.43,0,1.7,0,0.067,0,22.0,0,50.0,0,0.9946,0,3.38,0,0.6,0,11.9,0,6,0
7.1,0,0.6,0,0.01,0,2.3,0,0.079,0,24.0,0,37.0,0,0.99514,0,3.4,0,0.61,0,10.9,0,6,0
6.2,0,0.51,0,0.14,0,1.9,0,0.056,0,15.0,0,34.0,0,0.99396,0,3.48,0,0.57,0,11.5,0,6,0
8.1,0,0.575,0,0.22,0,2.1,0,0.077,0,12.0,0,65.0,0,0.9967,0,3.29,0,0.51,0,9.2,0,5,0
11.1,0,0.31,0,0.49,0,2.7,0,0.094,0,16.0,0,47.0,0,0.9986,0,3.12,0,1.02,1,10.6,0,7,0
6.5,0,0.53,0,0.06,0,2.0,0,0.063,0,29.0,0,44.0,0,0.99489,0,3.38,0,0.83,0,10.3,0,6,0
7.0,0,0.22,0,0.3,0,1.8,0,0.065,0,16.0,0,20.0,0,0.99672,0,3.61,0,0.82,0,10.0,0,6,0
8.6,0,0.38,0,0.36,0,3.0,0,0.081,0,30.0,0,119.0,0,0.997,0,3.2,0,0.56,0,9.4,0,5,0
9.2,0,0.52,0,1.0,1,3.4,0,0.61,1,32.0,0,69.0,0,0.9996,0,2.74,1,2.0,1,9.4,0,4,0
11.4,0,0.6,0,0.49,0,2.7,0,0.085,0,10.0,0,41.0,0,0.9994,0,3.15,0,0.63,0,10.5,0,6,0
7.1,0,0.68,0,0.0,0,2.3,0,0.087,0,17.0,0,26.0,0,0.99783,0,3.45,0,0.53,0,9.5,0,5,0
7.8,0,0.57,0,0.31,0,1.8,0,0.069,0,26.0,0,120.0,0,0.99625,0,3.29,0,0.53,0,9.3,0,5,0
7.9,0,0.18,0,0.4,0,1.8,0,0.062,0,7.0,0,20.0,0,0.9941,0,3.28,0,0.7,0,11.1,0,5,0
6.3,0,0.47,0,0.0,0,1.4,0,0.055,0,27.0,0,33.0,0,0.9922,1,3.45,0,0.48,0,12.3,0,6,0
7.9,0,0.69,0,0.21,0,2.1,0,0.08,0,33.0,0,141.0,1,0.9962,0,3.25,0,0.51,0,9.9,0,5,0
7.8,0,0.58,0,0.02,0,2.0,0,0.073,0,9.0,0,18.0,0,0.9968,0,3.36,0,0.57,0,9.5,0,7,0
8.0,0,0.58,0,0.16,0,2.0,0,0.12,1,3.0,0,7.0,0,0.99454,0,3.22,0,0.58,0,11.2,0,6,0
6.1,0,0.4,0,0.16,0,1.8,0,0.069,0,11.0,0,25.0,0,0.9955,0,3.42,0,0.74,0,10.1,0,7,0
11.6,0,0.23,0,0.57,0,1.8,0,0.074,0,3.0,0,8.0,0,0.9981,0,3.14,0,0.7,0,9.9,0,6,0
6.8,0,0.56,0,0.03,0,1.7,0,0.084,0,18.0,0,35.0,0,0.9968,0,3.44,0,0.63,0,10.0,0,6,0
7.7,0,0.775,0,0.42,0,1.9,0,0.092,0,8.0,0,86.0,0,0.9959,0,3.23,0,0.59,0,9.5,0,5,0
6.7,0,0.46,0,0.24,0,1.7,0,0.077,0,18.0,0,34.0,0,0.9948,0,3.39,0,0.6,0,10.6,0,6,0
8.3,0,0.31,0,0.39,0,2.4,0,0.078,0,17.0,0,43.0,0,0.99444,0,3.31,0,0.77,0,12.5,0,7,0
8.0,0,0.64,0,0.22,0,2.4,0,0.094,0,5.0,0,33.0,0,0.99612,0,3.37,0,0.58,0,11.0,0,5,0
9.2,0,0.56,0,0.18,0,1.6,0,0.078,0,10.0,0,21.0,0,0.99576,0,3.15,0,0.49,0,9.9,0,5,0
7.5,0,0.38,0,0.57,0,2.3,0,0.106,0,5.0,0,12.0,0,0.99605,0,3.36,0,0.55,0,11.4,0,6,0
7.9,0,0.51,0,0.25,0,2.9,0,0.077,0,21.0,0,45.0,0,0.9974,0,3.49,0,0.96,0,12.1,0,6,0
7.0,0,0.685,0,0.0,0,1.9,0,0.067,0,40.0,0,63.0,0,0.9979,0,3.6,0,0.81,0,9.9,0,5,0
5.4,0,0.58,0,0.08,0,1.9,0,0.059,0,20.0,0,31.0,0,0.99484,0,3.5,0,0.64,0,10.2,0,6,0
8.0,0,0.52,0,0.03,0,1.7,0,0.07,0,10.0,0,35.0,0,0.99575,0,3.34,0,0.57,0,10.0,0,5,0
5.0,0,0.74,0,0.0,0,1.2,0,0.041,1,16.0,0,46.0,0,0.99258,0,4.01,1,0.59,0,12.5,0,6,0
7.3,0,0.33,0,0.47,0,2.1,0,0.077,0,5.0,0,11.0,0,0.9958,0,3.33,0,0.53,0,10.3,0,6,0
12.5,1,0.37,0,0.55,0,2.6,0,0.083,0,25.0,0,68.0,0,0.9995,0,3.15,0,0.82,0,10.4,0,6,0
9.9,0,0.54,0,0.45,0,2.3,0,0.071,0,16.0,0,40.0,0,0.9991,0,3.39,0,0.62,0,9.4,0,5,0
6.2,0,0.46,0,0.29,0,2.1,0,0.074,0,32.0,0,98.0,0,0.99578,0,3.33,0,0.62,0,9.8,0,5,0
7.8,0,0.82,0,0.29,0,4.3,1,0.083,0,21.0,0,64.0,0,0.99642,0,3.16,0,0.53,0,9.4,0,5,0
6.8,0,0.51,0,0.01,0,2.1,0,0.074,0,9.0,0,25.0,0,0.9958,0,3.33,0,0.56,0,9.5,0,6,0
8.6,0,0.47,0,0.27,0,2.3,0,0.055,0,14.0,0,28.0,0,0.99516,0,3.18,0,0.8,0,11.2,0,5,0
11.6,0,0.32,0,0.55,0,2.8,0,0.081,0,35.0,0,67.0,0,1.0002,0,3.32,0,0.92,0,10.8,0,7,0
6.8,0,0.67,0,0.0,0,1.9,0,0.08,0,22.0,0,39.0,0,0.99701,0,3.4,0,0.74,0,9.7,0,5,0
7.1,0,0.59,0,0.0,0,2.2,0,0.078,0,26.0,0,44.0,0,0.99522,0,3.42,0,0.68,0,10.8,0,6,0
5.8,0,0.68,0,0.02,0,1.8,0,0.087,0,21.0,0,94.0,0,0.9944,0,3.54,0,0.52,0,10.0,0,5,0
12.2,0,0.48,0,0.54,0,2.6,0,0.085,0,19.0,0,64.0,0,1.0,0,3.1,0,0.61,0,10.5,0,6,0
7.6,0,0.43,0,0.4,0,2.7,0,0.082,0,6.0,0,11.0,0,0.99538,0,3.44,0,0.54,0,12.2,0,6,0
7.7,0,0.54,0,0.26,0,1.9,0,0.089,0,23.0,0,147.0,1,0.99636,0,3.26,0,0.59,0,9.7,0,5,0
7.1,0,0.84,0,0.02,0,4.4,1,0.096,0,5.0,0,13.0,0,0.997,0,3.41,0,0.57,0,11.0,0,4,0
8.1,0,0.66,0,0.7,0,2.2,0,0.098,0,25.0,0,129.0,1,0.9972,0,3.08,0,0.53,0,9.0,0,5,0
6.9,0,0.57,0,0.0,0,2.8,0,0.081,0,21.0,0,41.0,0,0.99518,0,3.41,0,0.52,0,10.8,0,5,0
7.4,0,0.39,0,0.48,0,2.0,0,0.082,0,14.0,0,67.0,0,0.9972,0,3.34,0,0.55,0,9.2,0,5,0
10.0,0,0.41,0,0.45,0,6.2,1,0.071,0,6.0,0,14.0,0,0.99702,0,3.21,0,0.49,0,11.8,0,7,0
12.6,1,0.39,0,0.49,0,2.5,0,0.08,0,8.0,0,20.0,0,0.9992,0,3.07,0,0.82,0,10.3,0,6,0
10.1,0,0.65,0,0.37,0,5.1,1,0.11,0,11.0,0,65.0,0,1.0026,1,3.32,0,0.64,0,10.4,0,6,0
6.3,0,0.39,0,0.08,0,1.7,0,0.066,0,3.0,0,20.0,0,0.9954,0,3.34,0,0.58,0,9.4,0,5,0
8.3,0,0.65,0,0.1,0,2.9,0,0.089,0,17.0,0,40.0,0,0.99803,0,3.29,0,0.55,0,9.5,0,5,0
9.5,0,0.86,0,0.26,0,1.9,0,0.079,0,13.0,0,28.0,0,0.99712,0,3.25,0,0.62,0,10.0,0,5,0
11.5,0,0.3,0,0.6,0,2.0,0,0.067,0,12.0,0,27.0,0,0.9981,0,3.11,0,0.97,0,10.1,0,6,0
7.2,0,0.6,0,0.04,0,2.5,0,0.076,0,18.0,0,88.0,0,0.99745,0,3.53,0,0.55,0,9.5,0,5,0
8.9,0,0.4,0,0.32,0,5.6,1,0.087,0,10.0,0,47.0,0,0.9991,0,3.38,0,0.77,0,10.5,0,7,0
6.9,0,0.36,0,0.25,0,2.4,0,0.098,0,5.0,0,16.0,0,0.9964,0,3.41,0,0.6,0,10.1,0,6,0
6.5,0,0.9,0,0.0,0,1.6,0,0.052,0,9.0,0,17.0,0,0.99467,0,3.5,0,0.63,0,10.9,0,6,0
6.6,0,0.735,0,0.02,0,7.9,1,0.122,1,68.0,1,124.0,0,0.9994,0,3.47,0,0.53,0,9.9,0,5,0
7.3,0,0.695,0,0.0,0,2.5,0,0.075,0,3.0,0,13.0,0,0.998,0,3.49,0,0.52,0,9.2,0,5,0
9.9,0,0.72,0,0.55,0,1.7,0,0.136,1,24.0,0,52.0,0,0.99752,0,3.35,0,0.94,0,10.0,0,5,0
6.8,0,0.5,0,0.11,0,1.5,0,0.075,0,16.0,0,49.0,0,0.99545,0,3.36,0,0.79,0,9.5,0,5,0
7.6,0,0.665,0,0.1,0,1.5,0,0.066,0,27.0,0,55.0,0,0.99655,0,3.39,0,0.51,0,9.3,0,5,0
7.1,0,0.68,0,0.07,0,1.9,0,0.075,0,16.0,0,51.0,0,0.99685,0,3.38,0,0.52,0,9.5,0,5,0
6.9,0,0.84,0,0.21,0,4.1,1,0.074,0,16.0,0,65.0,0,0.99842,0,3.53,0,0.72,0,9.23333333333333,0,6,0
7.8,0,0.6,0,0.26,0,2.0,0,0.08,0,31.0,0,131.0,1,0.99622,0,3.21,0,0.52,0,9.9,0,5,0
9.6,0,0.42,0,0.35,0,2.1,0,0.083,0,17.0,0,38.0,0,0.99622,0,3.23,0,0.66,0,11.1,0,6,0
7.7,0,0.51,0,0.28,0,2.1,0,0.087,0,23.0,0,54.0,0,0.998,0,3.42,0,0.74,0,9.2,0,5,0
8.2,0,0.24,0,0.34,0,5.1,1,0.062,0,8.0,0,22.0,0,0.9974,0,3.22,0,0.94,0,10.9,0,6,0
9.3,0,0.36,0,0.39,0,1.5,0,0.08,0,41.0,0,55.0,0,0.99652,0,3.47,0,0.73,0,10.9,0,6,0
7.8,0,0.53,0,0.33,0,2.4,0,0.08,0,24.0,0,144.0,1,0.99655,0,3.3,0,0.6,0,9.5,0,5,0
9.5,0,0.59,0,0.44,0,2.3,0,0.071,0,21.0,0,68.0,0,0.9992,0,3.46,0,0.63,0,9.5,0,5,0
7.8,0,0.88,0,0.0,0,2.6,0,0.098,0,25.0,0,67.0,0,0.9968,0,3.2,0,0.68,0,9.8,0,5,0
8.4,0,0.6,0,0.1,0,2.2,0,0.085,0,14.0,0,111.0,0,0.9964,0,3.15,0,0.66,0,9.8,0,5,0
9.4,0,0.615,0,0.28,0,3.2,0,0.087,0,18.0,0,72.0,0,1.0001,0,3.31,0,0.53,0,9.7,0,5,0
6.0,0,0.42,0,0.19,0,2.0,0,0.075,0,22.0,0,47.0,0,0.99522,0,3.39,0,0.78,0,10.0,0,6,0
8.3,0,0.28,0,0.48,0,2.1,0,0.093,0,6.0,0,12.0,0,0.99408,0,3.26,0,0.62,0,12.4,0,7,0
10.0,0,0.32,0,0.59,0,2.2,0,0.077,0,3.0,0,15.0,0,0.9994,0,3.2,0,0.78,0,9.6,0,5,0
8.2,0,0.635,0,0.1,0,2.1,0,0.073,0,25.0,0,60.0,0,0.99638,0,3.29,0,0.75,0,10.9,0,6,0
7.3,0,0.67,0,0.02,0,2.2,0,0.072,0,31.0,0,92.0,0,0.99566,0,3.32,0,0.68,0,11.1,0,6,0
11.9,0,0.4,0,0.65,0,2.15,0,0.068,0,7.0,0,27.0,0,0.9988,0,3.06,0,0.68,0,11.3,0,6,0
10.4,0,0.52,0,0.45,0,2.0,0,0.08,0,6.0,0,13.0,0,0.99774,0,3.22,0,0.76,0,11.4,0,6,0
7.5,0,0.59,0,0.22,0,1.8,0,0.082,0,43.0,1,60.0,0,0.99499,0,3.1,0,0.42,0,9.2,0,5,0
7.3,0,0.59,0,0.26,0,2.0,0,0.08,0,17.0,0,104.0,0,0.99584,0,3.28,0,0.52,0,9.9,0,5,0
10.1,0,0.28,0,0.46,0,1.8,0,0.05,0,5.0,0,13.0,0,0.9974,0,3.04,0,0.79,0,10.2,0,6,0
6.9,0,0.63,0,0.01,0,2.4,0,0.076,0,14.0,0,39.0,0,0.99522,0,3.34,0,0.53,0,10.8,0,6,0
7.0,0,0.58,0,0.28,0,4.8,1,0.085,0,12.0,0,69.0,0,0.99633,0,3.32,0,0.7,0,11.0,0,6,0
7.8,0,0.53,0,0.01,0,1.6,0,0.077,0,3.0,0,19.0,0,0.995,0,3.16,0,0.46,0,9.8,0,5,0
9.6,0,0.77,0,0.12,0,2.9,0,0.082,0,30.0,0,74.0,0,0.99865,0,3.3,0,0.64,0,10.4,0,6,0
8.7,0,0.48,0,0.3,0,2.8,0,0.066,0,10.0,0,28.0,0,0.9964,0,3.33,0,0.67,0,11.2,0,7,0
9.7,0,0.31,0,0.47,0,1.6,0,0.062,0,13.0,0,33.0,0,0.9983,0,3.27,0,0.66,0,10.0,0,6,0
8.0,0,0.6,0,0.22,0,2.1,0,0.08,0,25.0,0,105.0,0,0.99613,0,3.3,0,0.49,0,9.9,0,5,0
7.9,0,0.765,0,0.0,0,2.0,0,0.084,0,9.0,0,22.0,0,0.99619,0,3.33,0,0.68,0,10.9,0,6,0
10.1,0,0.38,0,0.5,0,2.4,0,0.104,0,6.0,0,13.0,0,0.99643,0,3.22,0,0.65,0,11.6,0,7,0
8.8,0,0.6,0,0.29,0,2.2,0,0.098,0,5.0,0,15.0,0,0.9988,0,3.36,0,0.49,0,9.1,0,5,0
7.6,0,0.41,0,0.14,0,3.0,0,0.087,0,21.0,0,43.0,0,0.9964,0,3.32,0,0.57,0,10.5,0,6,0
9.7,0,0.69,0,0.32,0,2.5,0,0.088,0,22.0,0,91.0,0,0.9979,0,3.29,0,0.62,0,10.1,0,5,0
7.9,0,0.69,0,0.21,0,2.1,0,0.08,0,33.0,0,141.0,1,0.9962,0,3.25,0,0.51,0,9.9,0,5,0
8.1,0,0.29,0,0.36,0,2.2,0,0.048,0,35.0,0,53.0,0,0.995,0,3.27,0,1.01,1,12.4,0,7,0
6.9,0,0.41,0,0.33,0,2.2,0,0.081,0,22.0,0,36.0,0,0.9949,0,3.41,0,0.75,0,11.1,0,6,0
6.9,0,0.63,0,0.33,0,6.7,1,0.235,1,66.0,1,115.0,0,0.99787,0,3.22,0,0.56,0,9.5,0,5,0
7.8,0,0.7,0,0.06,0,1.9,0,0.079,0,20.0,0,35.0,0,0.99628,0,3.4,0,0.69,0,10.9,0,5,0
7.5,0,0.58,0,0.56,0,3.1,0,0.153,1,5.0,0,14.0,0,0.99476,0,3.21,0,1.03,1,11.6,0,6,0
7.2,0,0.58,0,0.03,0,2.3,0,0.077,0,7.0,0,28.0,0,0.99568,0,3.35,0,0.52,0,10.0,0,5,0
6.6,0,0.56,0,0.14,0,2.4,0,0.064,0,13.0,0,29.0,0,0.99397,0,3.42,0,0.62,0,11.7,0,7,0
9.9,0,0.5,0,0.5,0,13.8,1,0.205,1,48.0,1,82.0,0,1.00242,1,3.16,0,0.75,0,8.8,0,5,0
10.8,0,0.89,0,0.3,0,2.6,0,0.132,1,7.0,0,60.0,0,0.99786,0,2.99,0,1.18,1,10.2,0,5,0
7.8,0,0.64,0,0.1,0,6.0,1,0.115,0,5.0,0,11.0,0,0.9984,0,3.37,0,0.69,0,10.1,0,7,0
7.7,0,1.005,1,0.15,0,2.1,0,0.102,0,11.0,0,32.0,0,0.99604,0,3.23,0,0.48,0,10.0,0,5,0
10.9,0,0.53,0,0.49,0,4.6,1,0.118,0,10.0,0,17.0,0,1.0002,0,3.07,0,0.56,0,11.7,0,6,0
8.0,0,0.45,0,0.23,0,2.2,0,0.094,0,16.0,0,29.0,0,0.9962,0,3.21,0,0.49,0,10.2,0,6,0
8.8,0,0.44,0,0.49,0,2.8,0,0.083,0,18.0,0,111.0,0,0.9982,0,3.3,0,0.6,0,9.5,0,5,0
10.8,0,0.47,0,0.43,0,2.1,0,0.171,1,27.0,0,66.0,0,0.9982,0,3.17,0,0.76,0,10.8,0,6,0
7.2,0,0.57,0,0.05,0,2.3,0,0.081,0,16.0,0,36.0,0,0.99564,0,3.38,0,0.6,0,10.3,0,6,0
6.8,0,0.66,0,0.07,0,1.6,0,0.07,0,16.0,0,61.0,0,0.99572,0,3.29,0,0.6,0,9.3,0,5,0
9.2,0,0.43,0,0.49,0,2.4,0,0.086,0,23.0,0,116.0,0,0.9976,0,3.23,0,0.64,0,9.5,0,5,0
8.9,0,0.48,0,0.53,0,4.0,1,0.101,0,3.0,0,10.0,0,0.99586,0,3.21,0,0.59,0,12.1,0,7,0
9.2,0,0.59,0,0.24,0,3.3,0,0.101,0,20.0,0,47.0,0,0.9988,0,3.26,0,0.67,0,9.6,0,5,0
7.0,0,0.745,0,0.12,0,1.8,0,0.114,0,15.0,0,64.0,0,0.99588,0,3.22,0,0.59,0,9.5,0,6,0
7.2,0,0.5,0,0.18,0,2.1,0,0.071,0,12.0,0,31.0,0,0.99761,0,3.52,0,0.72,0,9.6,0,6,0
5.3,0,0.47,0,0.11,0,2.2,0,0.048,0,16.0,0,89.0,0,0.99182,1,3.54,0,0.88,0,13.6,1,7,0
7.4,0,0.41,0,0.24,0,1.8,0,0.066,0,18.0,0,47.0,0,0.9956,0,3.37,0,0.62,0,10.4,0,5,0
10.6,0,0.44,0,0.68,0,4.1,1,0.114,0,6.0,0,24.0,0,0.997,0,3.06,0,0.66,0,13.4,1,6,0
4.7,0,0.6,0,0.17,0,2.3,0,0.058,0,17.0,0,106.0,0,0.9932,0,3.85,1,0.6,0,12.9,0,6,0
11.3,0,0.36,0,0.66,0,2.4,0,0.123,1,3.0,0,8.0,0,0.99642,0,3.2,0,0.53,0,11.9,0,6,0
7.6,0,0.29,0,0.49,0,2.7,0,0.092,0,25.0,0,60.0,0,0.9971,0,3.31,0,0.61,0,10.1,0,6,0
8.5,0,0.37,0,0.32,0,1.8,0,0.066,0,26.0,0,51.0,0,0.99456,0,3.38,0,0.72,0,11.8,0,6,0
6.5,0,0.615,0,0.0,0,1.9,0,0.065,0,9.0,0,18.0,0,0.9972,0,3.46,0,0.65,0,9.2,0,5,0
7.2,0,0.62,0,0.06,0,2.5,0,0.078,0,17.0,0,84.0,0,0.99746,0,3.51,0,0.53,0,9.7,0,5,0
7.2,0,0.66,0,0.03,0,2.3,0,0.078,0,16.0,0,86.0,0,0.99743,0,3.53,0,0.57,0,9.7,0,5,0
8.7,0,0.41,0,0.41,0,6.2,1,0.078,0,25.0,0,42.0,0,0.9953,0,3.24,0,0.77,0,12.6,0,7,0
12.8,1,0.3,0,0.74,0,2.6,0,0.095,0,9.0,0,28.0,0,0.9994,0,3.2,0,0.77,0,10.8,0,7,0
9.5,0,0.37,0,0.52,0,2.0,0,0.082,0,6.0,0,26.0,0,0.998,0,3.18,0,0.51,0,9.5,0,5,0
10.1,0,0.27,0,0.54,0,2.3,0,0.065,0,7.0,0,26.0,0,0.99531,0,3.17,0,0.53,0,12.5,0,6,0
7.7,0,0.715,0,0.01,0,2.1,0,0.064,0,31.0,0,43.0,0,0.99371,0,3.41,0,0.57,0,11.8,0,6,0
11.5,0,0.59,0,0.59,0,2.6,0,0.087,0,13.0,0,49.0,0,0.9988,0,3.18,0,0.65,0,11.0,0,6,0
8.8,0,0.59,0,0.18,0,2.9,0,0.089,0,12.0,0,74.0,0,0.99738,0,3.14,0,0.54,0,9.4,0,5,0
6.7,0,1.04,1,0.08,0,2.3,0,0.067,0,19.0,0,32.0,0,0.99648,0,3.52,0,0.57,0,11.0,0,4,0
9.8,0,0.37,0,0.39,0,2.5,0,0.079,0,28.0,0,65.0,0,0.99729,0,3.16,0,0.59,0,9.8,0,5,0
7.2,0,0.34,0,0.21,0,2.5,0,0.075,0,41.0,0,68.0,0,0.99586,0,3.37,0,0.54,0,10.1,0,6,0
9.9,0,0.54,0,0.45,0,2.3,0,0.071,0,16.0,0,40.0,0,0.9991,0,3.39,0,0.62,0,9.4,0,5,0
7.5,0,0.64,0,0.0,0,2.4,0,0.077,0,18.0,0,29.0,0,0.9965,0,3.32,0,0.6,0,10.0,0,6,0
8.5,0,0.47,0,0.27,0,1.9,0,0.058,0,18.0,0,38.0,0,0.99518,0,3.16,0,0.85,0,11.1,0,6,0
9.0,0,0.66,0,0.17,0,3.0,0,0.077,0,5.0,0,13.0,0,0.9976,0,3.29,0,0.55,0,10.4,0,5,0
8.1,0,0.78,0,0.23,0,2.6,0,0.059,0,5.0,0,15.0,0,0.997,0,3.37,0,0.56,0,11.3,0,5,0
7.6,0,0.9,0,0.06,0,2.5,0,0.079,0,5.0,0,10.0,0,0.9967,0,3.39,0,0.56,0,9.8,0,5,0
8.4,0,0.52,0,0.22,0,2.7,0,0.084,0,4.0,0,18.0,0,0.99682,0,3.26,0,0.57,0,9.9,0,6,0
9.8,0,0.44,0,0.47,0,2.5,0,0.063,0,9.0,0,28.0,0,0.9981,0,3.24,0,0.65,0,10.8,0,6,0
10.4,0,0.44,0,0.73,0,6.55,1,0.074,0,38.0,0,76.0,0,0.999,0,3.17,0,0.85,0,12.0,0,7,0
7.5,0,0.77,0,0.2,0,8.1,1,0.098,0,30.0,0,92.0,0,0.99892,0,3.2,0,0.58,0,9.2,0,5,0
8.9,0,0.48,0,0.53,0,4.0,1,0.101,0,3.0,0,10.0,0,0.99586,0,3.21,0,0.59,0,12.1,0,7,0
8.7,0,0.33,0,0.38,0,3.3,0,0.063,0,10.0,0,19.0,0,0.99468,0,3.3,0,0.73,0,12.0,0,7,0
7.1,0,0.52,0,0.03,0,2.6,0,0.076,0,21.0,0,92.0,0,0.99745,0,3.5,0,0.6,0,9.8,0,5,0
9.6,0,0.32,0,0.47,0,1.4,0,0.056,0,9.0,0,24.0,0,0.99695,0,3.22,0,0.82,0,10.3,0,7,0
7.9,0,1.04,1,0.05,0,2.2,0,0.084,0,13.0,0,29.0,0,0.9959,0,3.22,0,0.55,0,9.9,0,6,0
8.5,0,0.46,0,0.59,0,1.4,0,0.414,1,16.0,0,45.0,0,0.99702,0,3.03,0,1.34,1,9.2,0,5,0
7.3,0,0.45,0,0.36,0,5.9,1,0.074,0,12.0,0,87.0,0,0.9978,0,3.33,0,0.83,0,10.5,0,5,0
8.0,0,0.18,0,0.37,0,0.9,0,0.049,0,36.0,0,109.0,0,0.99007,1,2.89,1,0.44,0,12.7,0,6,0
5.2,0,0.48,0,0.04,0,1.6,0,0.054,0,19.0,0,106.0,0,0.9927,0,3.54,0,0.62,0,12.2,0,7,0
11.4,0,0.625,0,0.66,0,6.2,1,0.088,0,6.0,0,24.0,0,0.9988,0,3.11,0,0.99,0,13.3,1,6,0
8.7,0,0.52,0,0.09,0,2.5,0,0.091,0,20.0,0,49.0,0,0.9976,0,3.34,0,0.86,0,10.6,0,7,0
11.9,0,0.38,0,0.51,0,2.0,0,0.121,1,7.0,0,20.0,0,0.9996,0,3.24,0,0.76,0,10.4,0,6,0
13.7,1,0.415,0,0.68,0,2.9,0,0.085,0,17.0,0,43.0,0,1.0014,1,3.06,0,0.8,0,10.0,0,6,0
9.0,0,0.45,0,0.49,0,2.6,0,0.084,0,21.0,0,75.0,0,0.9987,0,3.35,0,0.57,0,9.7,0,5,0
8.5,0,0.32,0,0.42,0,2.3,0,0.075,0,12.0,0,19.0,0,0.99434,0,3.14,0,0.71,0,11.8,0,7,0
8.5,0,0.34,0,0.4,0,4.7,1,0.055,0,3.0,0,9.0,0,0.99738,0,3.38,0,0.66,0,11.6,0,7,0
8.3,0,0.845,0,0.01,0,2.2,0,0.07,0,5.0,0,14.0,0,0.9967,0,3.32,0,0.58,0,11.0,0,4,0
8.3,0,0.6,0,0.25,0,2.2,0,0.118,0,9.0,0,38.0,0,0.99616,0,3.15,0,0.53,0,9.8,0,5,0
6.9,0,0.54,0,0.3,0,2.2,0,0.088,0,9.0,0,105.0,0,0.99725,0,3.25,0,1.18,1,10.5,0,6,0
9.8,0,0.25,0,0.49,0,2.7,0,0.088,0,15.0,0,33.0,0,0.9982,0,3.42,0,0.9,0,10.0,0,6,0
7.2,0,0.725,0,0.05,0,4.65,1,0.086,0,4.0,0,11.0,0,0.9962,0,3.41,0,0.39,0,10.9,0,5,0
8.9,0,0.62,0,0.18,0,3.8,1,0.176,1,52.0,1,145.0,1,0.9986,0,3.16,0,0.88,0,9.2,0,5,0
8.2,0,0.35,0,0.33,0,2.4,0,0.076,0,11.0,0,47.0,0,0.99599,0,3.27,0,0.81,0,11.0,0,6,0
8.2,0,0.74,0,0.09,0,2.0,0,0.067,0,5.0,0,10.0,0,0.99418,0,3.28,0,0.57,0,11.8,0,6,0
8.9,0,0.4,0,0.51,0,2.6,0,0.052,0,13.0,0,27.0,0,0.995,0,3.32,0,0.9,0,13.4,1,7,0
8.3,0,0.42,0,0.38,0,2.5,0,0.094,0,24.0,0,60.0,0,0.9979,0,3.31,0,0.7,0,10.8,0,6,0
7.7,0,0.705,0,0.1,0,2.6,0,0.084,0,9.0,0,26.0,0,0.9976,0,3.39,0,0.49,0,9.7,0,5,0
9.3,0,0.655,0,0.26,0,2.0,0,0.096,0,5.0,0,35.0,0,0.99738,0,3.25,0,0.42,0,9.6,0,5,0
8.7,0,0.625,0,0.16,0,2.0,0,0.101,0,13.0,0,49.0,0,0.9962,0,3.14,0,0.57,0,11.0,0,5,0
8.8,0,0.64,0,0.17,0,2.9,0,0.084,0,25.0,0,130.0,1,0.99818,0,3.23,0,0.54,0,9.6,0,5,0
9.9,0,0.32,0,0.56,0,2.0,0,0.073,0,3.0,0,8.0,0,0.99534,0,3.15,0,0.73,0,11.4,0,6,0
8.8,0,0.61,0,0.19,0,4.0,1,0.094,0,30.0,0,69.0,0,0.99787,0,3.22,0,0.5,0,10.0,0,6,0
7.8,0,0.43,0,0.32,0,2.8,0,0.08,0,29.0,0,58.0,0,0.9974,0,3.31,0,0.64,0,10.3,0,5,0
7.1,0,0.66,0,0.0,0,3.9,1,0.086,0,17.0,0,45.0,0,0.9976,0,3.46,0,0.54,0,9.5,0,5,0
10.8,0,0.5,0,0.46,0,2.5,0,0.073,0,5.0,0,27.0,0,1.0001,0,3.05,0,0.64,0,9.5,0,5,0
8.9,0,0.38,0,0.4,0,2.2,0,0.068,0,12.0,0,28.0,0,0.99486,0,3.27,0,0.75,0,12.6,0,7,0
8.0,0,0.715,0,0.22,0,2.3,0,0.075,0,13.0,0,81.0,0,0.99688,0,3.24,0,0.54,0,9.5,0,6,0
7.0,0,0.655,0,0.16,0,2.1,0,0.074,0,8.0,0,25.0,0,0.99606,0,3.37,0,0.55,0,9.7,0,5,0
11.3,0,0.62,0,0.67,0,5.2,1,0.086,0,6.0,0,19.0,0,0.9988,0,3.22,0,0.69,0,13.4,1,8,1
5.9,0,0.55,0,0.1,0,2.2,0,0.062,0,39.0,0,51.0,0,0.99512,0,3.52,0,0.76,0,11.2,0,6,0
10.8,0,0.45,0,0.33,0,2.5,0,0.099,0,20.0,0,38.0,0,0.99818,0,3.24,0,0.71,0,10.8,0,5,0
11.5,0,0.18,0,0.51,0,4.0,1,0.104,0,4.0,0,23.0,0,0.9996,0,3.28,0,0.97,0,10.1,0,6,0
7.7,0,0.6,0,0.06,0,2.0,0,0.079,0,19.0,0,41.0,0,0.99697,0,3.39,0,0.62,0,10.1,0,6,0
8.8,0,0.37,0,0.48,0,2.1,0,0.097,0,39.0,0,145.0,1,0.9975,0,3.04,0,1.03,1,9.3,0,5,0
7.6,0,0.68,0,0.02,0,1.3,0,0.072,0,9.0,0,20.0,0,0.9965,0,3.17,0,1.08,1,9.2,0,4,0
6.4,0,0.865,0,0.03,0,3.2,0,0.071,0,27.0,0,58.0,0,0.995,0,3.61,0,0.49,0,12.7,0,6,0
7.7,0,0.26,0,0.3,0,1.7,0,0.059,0,20.0,0,38.0,0,0.9949,0,3.29,0,0.47,0,10.8,0,6,0
7.0,0,0.64,0,0.02,0,2.1,0,0.067,0,9.0,0,23.0,0,0.997,0,3.47,0,0.67,0,9.4,0,6,0
7.5,0,0.725,0,0.04,0,1.5,0,0.076,0,8.0,0,15.0,0,0.99508,0,3.26,0,0.53,0,9.6,0,5,0
10.5,0,0.43,0,0.35,0,3.3,0,0.092,0,24.0,0,70.0,0,0.99798,0,3.21,0,0.69,0,10.5,0,6,0
12.7,1,0.6,0,0.49,0,2.8,0,0.075,0,5.0,0,19.0,0,0.9994,0,3.14,0,0.57,0,11.4,0,5,0
9.9,0,0.57,0,0.25,0,2.0,0,0.104,0,12.0,0,89.0,0,0.9963,0,3.04,0,0.9,0,10.1,0,5,0
11.3,0,0.36,0,0.66,0,2.4,0,0.123,1,3.0,0,8.0,0,0.99642,0,3.2,0,0.53,0,11.9,0,6,0
8.6,0,0.83,0,0.0,0,2.8,0,0.095,0,17.0,0,43.0,0,0.99822,0,3.33,0,0.6,0,10.4,0,6,0
6.4,0,0.47,0,0.4,0,2.4,0,0.071,0,8.0,0,19.0,0,0.9963,0,3.56,0,0.73,0,10.6,0,6,0
8.0,0,0.48,0,0.34,0,2.2,0,0.073,0,16.0,0,25.0,0,0.9936,0,3.28,0,0.66,0,12.4,0,6,0
12.8,1,0.3,0,0.74,0,2.6,0,0.095,0,9.0,0,28.0,0,0.9994,0,3.2,0,0.77,0,10.8,0,7,0
5.2,0,0.32,0,0.25,0,1.8,0,0.103,0,13.0,0,50.0,0,0.9957,0,3.38,0,0.55,0,9.2,0,5,0
7.2,0,1.0,0,0.0,0,3.0,0,0.102,0,7.0,0,16.0,0,0.99586,0,3.43,0,0.46,0,10.0,0,5,0
10.0,0,0.59,0,0.31,0,2.2,0,0.09,0,26.0,0,62.0,0,0.9994,0,3.18,0,0.63,0,10.2,0,6,0
7.8,0,0.32,0,0.44,0,2.7,0,0.104,0,8.0,0,17.0,0,0.99732,0,3.33,0,0.78,0,11.0,0,7,0
7.1,0,0.875,0,0.05,0,5.7,1,0.082,0,3.0,0,14.0,0,0.99808,0,3.4,0,0.52,0,10.2,0,3,1
6.0,0,0.58,0,0.2,0,2.4,0,0.075,0,15.0,0,50.0,0,0.99467,0,3.58,0,0.67,0,12.5,0,6,0
6.0,0,0.49,0,0.0,0,2.3,0,0.068,0,15.0,0,33.0,0,0.99292,0,3.58,0,0.59,0,12.5,0,6,0
8.6,0,0.49,0,0.28,0,1.9,0,0.11,0,20.0,0,136.0,1,0.9972,0,2.93,1,1.95,1,9.9,0,6,0
8.0,0,0.83,0,0.27,0,2.0,0,0.08,0,11.0,0,63.0,0,0.99652,0,3.29,0,0.48,0,9.8,0,4,0
7.1,0,0.59,0,0.01,0,2.3,0,0.08,0,27.0,0,43.0,0,0.9955,0,3.42,0,0.58,0,10.7,0,6,0
13.0,1,0.47,0,0.49,0,4.3,1,0.085,0,6.0,0,47.0,0,1.0021,1,3.3,0,0.68,0,12.7,0,6,0
6.6,0,0.61,0,0.0,0,1.6,0,0.069,0,4.0,0,8.0,0,0.99396,0,3.33,0,0.37,0,10.4,0,4,0
6.9,0,0.765,0,0.18,0,2.4,0,0.243,1,5.5,0,48.0,0,0.99612,0,3.4,0,0.6,0,10.3,0,6,0
12.0,0,0.38,0,0.56,0,2.1,0,0.093,0,6.0,0,24.0,0,0.99925,0,3.14,0,0.71,0,10.9,0,6,0
7.8,0,0.61,0,0.29,0,1.6,0,0.114,0,9.0,0,29.0,0,0.9974,0,3.26,0,1.56,1,9.1,0,5,0
7.1,0,0.35,0,0.29,0,2.5,0,0.096,0,20.0,0,53.0,0,0.9962,0,3.42,0,0.65,0,11.0,0,6,0
8.2,0,0.915,0,0.27,0,2.1,0,0.088,0,7.0,0,23.0,0,0.9962,0,3.26,0,0.47,0,10.0,0,4,0
8.3,0,0.66,0,0.15,0,1.9,0,0.079,0,17.0,0,42.0,0,0.9972,0,3.31,0,0.54,0,9.6,0,6,0
7.2,0,0.53,0,0.14,0,2.1,0,0.064,0,15.0,0,29.0,0,0.99323,0,3.35,0,0.61,0,12.1,0,6,0
6.8,0,0.64,0,0.1,0,2.1,0,0.085,0,18.0,0,101.0,0,0.9956,0,3.34,0,0.52,0,10.2,0,5,0
11.1,0,0.42,0,0.47,0,2.65,0,0.085,0,9.0,0,34.0,0,0.99736,0,3.24,0,0.77,0,12.1,0,7,0
8.9,0,0.22,0,0.48,0,1.8,0,0.077,0,29.0,0,60.0,0,0.9968,0,3.39,0,0.53,0,9.4,0,6,0
7.3,0,0.67,0,0.05,0,3.6,0,0.107,0,6.0,0,20.0,0,0.9972,0,3.4,0,0.63,0,10.1,0,5,0
7.1,0,0.27,0,0.6,0,2.1,0,0.074,0,17.0,0,25.0,0,0.99814,0,3.38,0,0.72,0,10.6,0,6,0
6.6,0,0.58,0,0.0,0,2.2,0,0.1,0,50.0,1,63.0,0,0.99544,0,3.59,0,0.68,0,11.4,0,6,0
7.9,0,0.29,0,0.49,0,2.2,0,0.096,0,21.0,0,59.0,0,0.99714,0,3.31,0,0.67,0,10.1,0,6,0
5.9,0,0.61,0,0.08,0,2.1,0,0.071,0,16.0,0,24.0,0,0.99376,0,3.56,0,0.77,0,11.1,0,6,0
10.4,0,0.43,0,0.5,0,2.3,0,0.068,0,13.0,0,19.0,0,0.996,0,3.1,0,0.87,0,11.4,0,6,0
9.0,0,0.54,0,0.49,0,2.9,0,0.094,0,41.0,0,110.0,0,0.9982,0,3.08,0,0.61,0,9.2,0,5,0
6.6,0,0.855,0,0.02,0,2.4,0,0.062,0,15.0,0,23.0,0,0.99627,0,3.54,0,0.6,0,11.0,0,6,0
7.1,0,0.65,0,0.18,0,1.8,0,0.07,0,13.0,0,40.0,0,0.997,0,3.44,0,0.6,0,9.1,0,5,0
9.5,0,0.37,0,0.52,0,2.0,0,0.088,0,12.0,0,51.0,0,0.99613,0,3.29,0,0.58,0,11.1,0,6,0
7.9,0,0.49,0,0.32,0,1.9,0,0.082,0,17.0,0,144.0,1,0.9968,0,3.2,0,0.55,0,9.5,0,5,0
7.2,0,0.41,0,0.3,0,2.1,0,0.083,0,35.0,0,72.0,0,0.997,0,3.44,0,0.52,0,9.4,0,5,0
11.8,0,0.38,0,0.55,0,2.1,0,0.071,0,5.0,0,19.0,0,0.9986,0,3.11,0,0.62,0,10.8,0,6,0
6.9,0,0.74,0,0.03,0,2.3,0,0.054,0,7.0,0,16.0,0,0.99508,0,3.45,0,0.63,0,11.5,0,6,0
12.4,1,0.42,0,0.49,0,4.6,1,0.073,0,19.0,0,43.0,0,0.9978,0,3.02,0,0.61,0,9.5,0,5,0
7.2,0,0.38,0,0.3,0,1.8,0,0.073,0,31.0,0,70.0,0,0.99685,0,3.42,0,0.59,0,9.5,0,6,0
10.5,0,0.28,0,0.51,0,1.7,0,0.08,0,10.0,0,24.0,0,0.9982,0,3.2,0,0.89,0,9.4,0,6,0
9.3,0,0.36,0,0.39,0,1.5,0,0.08,0,41.0,0,55.0,0,0.99652,0,3.47,0,0.73,0,10.9,0,6,0
8.6,0,0.33,0,0.4,0,2.6,0,0.083,0,16.0,0,68.0,0,0.99782,0,3.3,0,0.48,0,9.4,0,5,0
11.1,0,0.35,0,0.48,0,3.1,0,0.09,0,5.0,0,21.0,0,0.9986,0,3.17,0,0.53,0,10.5,0,5,0
7.6,0,0.39,0,0.31,0,2.3,0,0.082,0,23.0,0,71.0,0,0.9982,0,3.52,0,0.65,0,9.7,0,5,0
6.0,0,0.5,0,0.0,0,1.4,0,0.057,0,15.0,0,26.0,0,0.99448,0,3.36,0,0.45,0,9.5,0,5,0
11.6,0,0.58,0,0.66,0,2.2,0,0.074,0,10.0,0,47.0,0,1.0008,0,3.25,0,0.57,0,9.0,0,3,1
6.7,0,0.64,0,0.23,0,2.1,0,0.08,0,11.0,0,119.0,0,0.99538,0,3.36,0,0.7,0,10.9,0,5,0
6.9,0,0.54,0,0.04,0,3.0,0,0.077,0,7.0,0,27.0,0,0.9987,0,3.69,1,0.91,0,9.4,0,6,0
8.5,0,0.21,0,0.52,0,1.9,0,0.09,0,9.0,0,23.0,0,0.99648,0,3.36,0,0.67,0,10.4,0,5,0
8.8,0,0.27,0,0.46,0,2.1,0,0.095,0,20.0,0,29.0,0,0.99488,0,3.26,0,0.56,0,11.3,0,6,0
7.4,0,0.63,0,0.07,0,2.4,0,0.09,0,11.0,0,37.0,0,0.9979,0,3.43,0,0.76,0,9.7,0,6,0
8.2,0,0.28,0,0.4,0,2.4,0,0.052,0,4.0,0,10.0,0,0.99356,0,3.33,0,0.7,0,12.8,0,7,0
6.8,0,0.915,0,0.29,0,4.8,1,0.07,0,15.0,0,39.0,0,0.99577,0,3.53,0,0.54,0,11.1,0,5,0
6.9,0,0.84,0,0.21,0,4.1,1,0.074,0,16.0,0,65.0,0,0.99842,0,3.53,0,0.72,0,9.25,0,6,0
10.9,0,0.39,0,0.47,0,1.8,0,0.118,0,6.0,0,14.0,0,0.9982,0,3.3,0,0.75,0,9.8,0,6,0
7.9,0,0.72,0,0.01,0,1.9,0,0.076,0,7.0,0,32.0,0,0.99668,0,3.39,0,0.54,0,9.6,0,5,0
8.4,0,0.39,0,0.1,0,1.7,0,0.075,0,6.0,0,25.0,0,0.99581,0,3.09,0,0.43,0,9.7,0,6,0
8.0,0,0.745,0,0.56,0,2.0,0,0.118,0,30.0,0,134.0,1,0.9968,0,3.24,0,0.66,0,9.4,0,5,0
6.9,0,0.56,0,0.03,0,1.5,0,0.086,0,36.0,0,46.0,0,0.99522,0,3.53,0,0.57,0,10.6,0,5,0
10.7,0,0.4,0,0.37,0,1.9,0,0.081,0,17.0,0,29.0,0,0.99674,0,3.12,0,0.65,0,11.2,0,6,0
8.7,0,0.675,0,0.1,0,1.6,0,0.09,0,4.0,0,11.0,0,0.99745,0,3.31,0,0.65,0,9.55,0,5,0
7.7,0,0.49,0,0.26,0,1.9,0,0.062,0,9.0,0,31.0,0,0.9966,0,3.39,0,0.64,0,9.6,0,5,0
7.2,0,0.58,0,0.54,0,2.1,0,0.114,0,3.0,0,9.0,0,0.99719,0,3.33,0,0.57,0,10.3,0,4,0
10.2,0,0.36,0,0.64,0,2.9,0,0.122,1,10.0,0,41.0,0,0.998,0,3.23,0,0.66,0,12.5,0,6,0
8.1,0,0.73,0,0.0,0,2.5,0,0.081,0,12.0,0,24.0,0,0.99798,0,3.38,0,0.46,0,9.6,0,4,0
10.3,0,0.5,0,0.42,0,2.0,0,0.069,0,21.0,0,51.0,0,0.9982,0,3.16,0,0.72,0,11.5,0,6,0
8.8,0,0.55,0,0.04,0,2.2,0,0.119,1,14.0,0,56.0,0,0.9962,0,3.21,0,0.6,0,10.9,0,6,0
6.4,0,0.39,0,0.33,0,3.3,0,0.046,0,12.0,0,53.0,0,0.99294,0,3.36,0,0.62,0,12.2,0,6,0
9.4,0,0.4,0,0.47,0,2.5,0,0.087,0,6.0,0,20.0,0,0.99772,0,3.15,0,0.5,0,10.5,0,5,0
9.1,0,0.6,0,0.0,0,1.9,0,0.058,0,5.0,0,10.0,0,0.9977,0,3.18,0,0.63,0,10.4,0,6,0
8.2,0,0.635,0,0.1,0,2.1,0,0.073,0,25.0,0,60.0,0,0.99638,0,3.29,0,0.75,0,10.9,0,6,0
7.2,0,0.62,0,0.06,0,2.7,0,0.077,0,15.0,0,85.0,0,0.99746,0,3.51,0,0.54,0,9.5,0,5,0
7.9,0,0.2,0,0.35,0,1.7,0,0.054,0,7.0,0,15.0,0,0.99458,0,3.32,0,0.8,0,11.9,0,7,0
5.8,0,0.29,0,0.26,0,1.7,0,0.063,0,3.0,0,11.0,0,0.9915,1,3.39,0,0.54,0,13.5,1,6,0
